Order_ID,Product_Type,Customer,Priority,Quantity,Machine_Load_Percent,Season,Num_Operations,Setup_Time_Hours,Material_Availability_Percent,Shifts_Available,Weekend_Work_Required,Lead_Time_Days,Order_Date
ORD_0001,Electronics,CustomerA,High,260,44.5,Winter,11,0.8,82.7,1,True,17.0,2023-11-30
ORD_0002,Food,CustomerE,Low,584,42.9,Fall,6,2.07,78.3,1,True,23.4,2023-08-20
ORD_0003,Chemical,CustomerC,Medium,230,92.2,Summer,4,0.82,72.9,2,False,24.2,2023-06-03
ORD_0004,Textile,CustomerE,Low,954,54.6,Summer,12,3.6,80.8,1,True,29.4,2023-11-16
ORD_0005,Mechanical,CustomerC,Low,885,45.1,Winter,9,1.47,89.1,2,True,21.5,2023-07-31
ORD_0006,Mechanical,CustomerF,High,728,90.9,Winter,12,2.72,86.0,1,True,25.5,2023-01-27
ORD_0007,Chemical,CustomerF,Medium,711,51.1,Winter,6,3.38,94.2,2,False,19.7,2023-04-13
ORD_0008,Food,CustomerF,High,227,72.6,Fall,10,1.0,74.2,3,False,10.9,2023-04-22
ORD_0009,Textile,CustomerE,Urgent,380,44.3,Spring,11,2.23,92.7,1,True,10.7,2023-06-22
ORD_0010,Textile,CustomerE,Low,404,54.8,Fall,11,1.38,86.6,1,True,27.2,2023-10-10
ORD_0011,Food,CustomerC,High,124,49.1,Spring,10,0.51,91.7,3,False,9.8,2023-03-22
ORD_0012,Mechanical,CustomerE,Low,901,70.6,Spring,5,1.81,74.8,3,True,15.3,2023-12-04
ORD_0013,Textile,CustomerA,Low,961,53.6,Summer,6,0.7,96.3,1,True,31.4,2023-07-16
ORD_0014,Electronics,CustomerE,Medium,141,72.9,Spring,7,2.35,88.2,1,True,22.9,2023-09-22
ORD_0015,Textile,CustomerF,High,458,88.5,Fall,4,1.37,71.9,1,True,16.7,2023-08-10
ORD_0016,Electronics,CustomerA,Low,244,34.4,Winter,8,0.75,77.1,3,False,13.9,2023-04-03
ORD_0017,Mechanical,CustomerF,Urgent,258,81.0,Fall,6,0.83,89.8,2,False,8.5,2023-08-15
ORD_0018,Electronics,CustomerF,Low,72,56.2,Summer,4,1.37,75.7,2,True,15.4,2023-01-13
ORD_0019,Chemical,CustomerD,Medium,905,90.0,Fall,11,0.84,89.6,3,True,18.8,2023-12-22
ORD_0020,Mechanical,CustomerB,Urgent,507,61.3,Fall,3,1.08,70.1,2,False,9.8,2023-04-16
ORD_0021,Textile,CustomerC,Urgent,723,92.2,Fall,5,1.16,76.5,1,True,12.6,2023-07-17
ORD_0022,Electronics,CustomerA,Urgent,524,89.8,Spring,3,3.86,72.4,1,True,12.4,2023-10-18
ORD_0023,Mechanical,CustomerD,Low,974,87.9,Spring,12,2.58,88.6,2,False,38.2,2023-12-08
ORD_0024,Mechanical,CustomerF,High,254,47.3,Spring,7,2.1,97.9,1,True,14.5,2023-03-30
ORD_0025,Food,CustomerA,Low,560,43.9,Summer,5,3.77,96.4,1,False,26.5,2023-05-20
ORD_0026,Textile,CustomerE,High,636,94.0,Winter,11,1.55,89.9,1,False,24.3,2023-12-15
ORD_0027,Electronics,CustomerF,Medium,288,48.3,Spring,8,1.21,89.0,2,False,16.1,2023-10-16
ORD_0028,Electronics,CustomerA,Urgent,859,48.0,Winter,8,3.2,89.1,2,True,10.9,2023-03-21
ORD_0029,Food,CustomerF,Urgent,584,30.6,Winter,5,2.41,95.0,3,True,4.3,2023-11-25
ORD_0030,Electronics,CustomerC,High,930,90.7,Winter,8,1.24,77.5,1,False,35.8,2023-07-25
ORD_0031,Textile,CustomerE,Medium,957,90.4,Spring,5,3.58,70.7,3,False,18.0,2023-10-22
ORD_0032,Textile,CustomerF,Medium,283,40.3,Winter,9,3.55,95.8,1,True,22.8,2023-04-12
ORD_0033,Textile,CustomerC,High,850,81.7,Spring,6,0.58,75.8,2,False,18.9,2023-03-19
ORD_0034,Chemical,CustomerC,Urgent,705,93.8,Summer,3,0.9,99.1,1,False,14.0,2023-07-30
ORD_0035,Food,CustomerD,High,756,81.1,Fall,12,3.94,73.5,3,True,9.8,2023-06-12
ORD_0036,Textile,CustomerA,Medium,382,58.0,Summer,12,1.6,95.4,3,False,15.0,2023-08-28
ORD_0037,Textile,CustomerC,Urgent,723,49.2,Spring,6,1.97,98.2,3,True,5.2,2023-05-06
ORD_0038,Chemical,CustomerD,Low,321,48.6,Fall,12,2.62,79.7,2,False,28.4,2023-03-08
ORD_0039,Food,CustomerD,Medium,684,35.5,Summer,4,3.36,92.5,3,False,10.5,2023-09-07
ORD_0040,Mechanical,CustomerB,Low,57,45.9,Fall,12,3.47,72.2,2,True,19.2,2023-06-11
ORD_0041,Textile,CustomerD,Urgent,259,39.6,Winter,4,3.22,76.6,3,False,4.3,2023-11-09
ORD_0042,Mechanical,CustomerA,Urgent,146,82.1,Summer,10,2.64,91.6,3,False,8.8,2023-11-10
ORD_0043,Food,CustomerD,Medium,771,86.0,Fall,7,3.13,95.2,2,False,21.8,2023-09-29
ORD_0044,Chemical,CustomerD,Low,740,48.6,Summer,8,1.62,86.2,1,True,30.0,2023-11-18
ORD_0045,Mechanical,CustomerF,Medium,75,57.0,Summer,11,2.13,71.9,2,False,23.4,2023-01-19
ORD_0046,Food,CustomerF,Low,887,87.2,Fall,10,0.52,80.6,2,False,27.7,2023-12-13
ORD_0047,Food,CustomerE,Medium,509,44.3,Fall,10,0.6,80.1,3,False,13.3,2023-02-19
ORD_0048,Textile,CustomerB,Low,938,55.6,Winter,4,2.75,74.1,2,True,16.5,2023-02-03
ORD_0049,Textile,CustomerC,Medium,475,51.2,Fall,7,3.13,95.0,2,True,13.4,2023-02-13
ORD_0050,Food,CustomerA,High,239,72.3,Winter,3,3.82,76.0,1,True,13.0,2023-01-11
ORD_0051,Textile,CustomerF,Low,587,91.6,Fall,7,3.18,75.0,3,True,16.0,2023-01-05
ORD_0052,Mechanical,CustomerC,Low,602,31.7,Summer,12,2.87,98.7,2,True,18.0,2023-01-28
ORD_0053,Mechanical,CustomerA,High,880,74.5,Winter,12,3.24,80.4,2,False,18.9,2023-06-19
ORD_0054,Chemical,CustomerA,Urgent,852,61.9,Fall,8,2.72,94.9,3,True,6.7,2023-02-16
ORD_0055,Food,CustomerF,High,640,82.5,Fall,10,2.02,91.9,2,False,19.1,2023-06-10
ORD_0056,Electronics,CustomerC,Urgent,259,78.8,Fall,8,0.6,95.5,1,False,12.3,2023-07-02
ORD_0057,Chemical,CustomerC,High,911,68.8,Summer,11,0.54,98.4,1,True,28.4,2023-04-14
ORD_0058,Textile,CustomerE,Medium,717,60.9,Fall,10,3.28,72.8,1,False,33.1,2023-03-19
ORD_0059,Chemical,CustomerF,High,494,66.0,Summer,9,3.99,86.5,2,False,18.5,2023-04-20
ORD_0060,Chemical,CustomerB,Low,748,42.5,Winter,11,3.83,90.7,1,True,40.2,2023-06-07
ORD_0061,Chemical,CustomerF,High,112,84.1,Summer,6,1.76,79.1,3,True,8.9,2023-02-03
ORD_0062,Electronics,CustomerE,High,724,91.4,Fall,4,3.55,87.2,2,False,17.6,2023-07-05
ORD_0063,Mechanical,CustomerA,High,973,86.0,Winter,4,1.9,72.2,3,True,9.8,2023-11-16
ORD_0064,Food,CustomerC,Low,264,37.7,Fall,12,2.59,88.6,3,False,13.9,2023-06-11
ORD_0065,Textile,CustomerC,Urgent,322,67.0,Winter,12,3.86,73.0,1,True,11.7,2023-10-26
ORD_0066,Electronics,CustomerB,Medium,187,65.9,Spring,3,1.93,90.7,2,False,12.9,2023-08-17
ORD_0067,Chemical,CustomerF,High,729,85.9,Winter,6,3.73,93.6,3,True,11.9,2023-09-01
ORD_0068,Food,CustomerB,Medium,940,47.3,Spring,4,0.71,93.8,3,False,11.6,2023-06-23
ORD_0069,Textile,CustomerF,High,726,56.2,Summer,11,2.39,83.1,3,True,12.4,2023-12-27
ORD_0070,Chemical,CustomerE,High,36,35.9,Winter,7,2.52,92.9,1,False,20.4,2023-03-31
ORD_0071,Textile,CustomerC,Medium,609,58.3,Fall,4,2.15,82.3,2,True,15.2,2023-05-29
ORD_0072,Chemical,CustomerD,Urgent,305,73.1,Fall,11,0.63,72.6,2,False,9.6,2023-06-05
ORD_0073,Textile,CustomerE,Low,683,86.5,Fall,9,0.69,85.6,3,False,19.2,2023-02-21
ORD_0074,Electronics,CustomerB,High,572,38.5,Summer,10,3.58,84.5,1,True,23.1,2023-10-15
ORD_0075,Chemical,CustomerE,Low,575,56.5,Spring,4,2.12,73.5,1,False,40.1,2023-03-23
ORD_0076,Chemical,CustomerE,High,435,84.3,Fall,6,2.1,74.3,1,True,23.0,2023-03-19
ORD_0077,Chemical,CustomerD,High,966,81.2,Summer,3,1.49,79.0,3,False,16.9,2023-03-25
ORD_0078,Textile,CustomerE,Urgent,363,51.6,Fall,10,3.76,96.1,3,True,5.3,2023-08-01
ORD_0079,Mechanical,CustomerD,Low,335,78.4,Fall,9,3.96,93.8,3,True,14.2,2023-03-02
ORD_0080,Electronics,CustomerB,High,900,36.5,Fall,4,2.34,83.7,3,True,8.6,2023-09-30
ORD_0081,Mechanical,CustomerA,Urgent,810,93.0,Summer,12,2.92,89.5,2,False,17.2,2023-11-13
ORD_0082,Textile,CustomerE,Low,642,34.4,Summer,6,3.11,83.0,1,True,24.5,2023-07-29
ORD_0083,Chemical,CustomerA,Low,342,81.7,Summer,8,1.81,74.4,3,False,21.5,2023-03-23
ORD_0084,Mechanical,CustomerB,Medium,90,69.6,Fall,12,2.89,84.9,3,True,10.1,2023-10-15
ORD_0085,Chemical,CustomerD,High,692,30.6,Fall,7,2.87,74.7,2,False,19.9,2023-10-10
ORD_0086,Chemical,CustomerF,Urgent,716,46.3,Summer,6,4.0,95.6,1,True,12.9,2023-11-18
ORD_0087,Chemical,CustomerE,High,726,49.2,Fall,7,0.53,96.0,3,True,11.2,2023-08-29
ORD_0088,Textile,CustomerC,Medium,631,82.1,Spring,6,2.67,90.3,3,True,11.8,2023-12-25
ORD_0089,Electronics,CustomerC,Urgent,44,67.7,Spring,4,3.68,79.8,2,True,5.8,2023-05-24
ORD_0090,Food,CustomerC,High,860,40.7,Fall,7,3.11,80.2,1,False,25.1,2023-12-20
ORD_0091,Mechanical,CustomerB,Urgent,1000,85.0,Summer,4,3.27,70.4,3,True,7.2,2023-05-08
ORD_0092,Chemical,CustomerE,Urgent,852,71.5,Summer,4,2.86,84.1,3,False,10.5,2023-02-28
ORD_0093,Mechanical,CustomerF,Low,660,83.6,Summer,9,0.91,71.4,1,False,51.4,2023-12-06
ORD_0094,Electronics,CustomerA,Medium,918,64.9,Fall,10,1.8,98.5,3,False,18.2,2023-03-17
ORD_0095,Mechanical,CustomerD,Low,863,61.8,Fall,7,0.61,81.1,2,False,30.0,2023-08-16
ORD_0096,Chemical,CustomerA,High,567,88.6,Summer,3,1.89,75.7,1,False,22.5,2023-02-19
ORD_0097,Mechanical,CustomerF,Low,61,81.1,Spring,5,3.25,76.2,3,True,12.0,2023-01-21
ORD_0098,Mechanical,CustomerC,Medium,817,88.5,Winter,7,3.5,74.3,1,False,42.0,2023-03-11
ORD_0099,Electronics,CustomerF,Low,144,31.0,Spring,12,1.63,75.2,1,True,27.6,2023-07-15
ORD_0100,Food,CustomerA,Low,497,59.1,Summer,11,2.58,83.6,1,True,31.6,2023-08-31
ORD_0101,Food,CustomerC,Urgent,668,92.7,Winter,10,3.47,82.8,1,False,19.2,2023-07-14
ORD_0102,Textile,CustomerA,Low,339,69.5,Winter,5,1.46,89.0,3,False,14.1,2023-09-02
ORD_0103,Food,CustomerE,High,474,62.9,Fall,4,3.28,73.4,3,True,7.0,2023-03-29
ORD_0104,Mechanical,CustomerD,High,857,59.5,Fall,4,1.59,79.4,2,False,18.6,2023-01-11
ORD_0105,Textile,CustomerA,Low,861,35.5,Fall,4,3.11,81.2,1,True,24.3,2023-10-28
ORD_0106,Food,CustomerE,High,696,37.9,Summer,9,3.54,91.6,2,False,15.1,2023-12-19
ORD_0107,Food,CustomerE,Medium,168,72.7,Spring,4,1.73,86.7,1,False,20.0,2023-07-05
ORD_0108,Textile,CustomerE,Low,633,90.4,Summer,3,1.13,91.1,2,False,22.2,2023-08-14
ORD_0109,Mechanical,CustomerB,Urgent,81,39.2,Winter,4,3.11,76.5,2,False,6.9,2023-10-27
ORD_0110,Chemical,CustomerC,High,805,91.2,Winter,3,1.04,92.6,1,True,20.7,2023-10-20
ORD_0111,Textile,CustomerD,Urgent,434,47.8,Winter,8,2.0,78.5,3,False,6.7,2023-04-04
ORD_0112,Chemical,CustomerA,Medium,414,94.0,Winter,3,1.22,98.4,1,False,28.8,2023-08-18
ORD_0113,Electronics,CustomerA,Urgent,774,58.0,Spring,9,2.36,76.9,3,False,6.9,2023-01-11
ORD_0114,Electronics,CustomerD,Low,480,89.9,Summer,12,2.0,82.1,3,False,21.4,2023-09-09
ORD_0115,Textile,CustomerA,High,185,82.1,Fall,8,0.81,95.3,1,False,19.9,2023-12-10
ORD_0116,Food,CustomerA,Urgent,901,50.2,Summer,6,1.67,75.0,3,True,5.9,2023-10-18
ORD_0117,Mechanical,CustomerC,High,754,92.3,Spring,6,0.86,77.7,1,True,22.4,2023-06-26
ORD_0118,Electronics,CustomerB,Urgent,485,79.0,Fall,12,2.75,99.6,2,False,10.3,2023-06-23
ORD_0119,Electronics,CustomerD,Urgent,656,49.7,Summer,12,0.7,85.2,2,False,12.2,2023-02-13
ORD_0120,Electronics,CustomerC,High,88,71.9,Winter,12,2.58,81.5,3,True,10.4,2023-07-09
ORD_0121,Food,CustomerF,Medium,339,69.3,Spring,3,2.08,94.3,2,True,11.2,2023-02-05
ORD_0122,Mechanical,CustomerA,Medium,734,58.5,Fall,11,2.33,74.8,2,False,22.0,2023-04-01
ORD_0123,Chemical,CustomerF,Low,818,71.0,Summer,4,1.65,86.7,2,False,26.4,2023-03-11
ORD_0124,Food,CustomerB,High,93,67.9,Spring,8,1.59,89.7,3,False,7.2,2023-11-16
ORD_0125,Electronics,CustomerC,Urgent,668,81.5,Spring,11,0.83,90.1,3,False,7.0,2023-06-03
ORD_0126,Chemical,CustomerB,Medium,359,91.6,Fall,6,1.29,74.1,1,False,35.2,2023-12-13
ORD_0127,Electronics,CustomerE,Low,687,51.9,Spring,12,1.82,74.9,3,True,17.7,2023-07-21
ORD_0128,Electronics,CustomerD,High,702,76.8,Fall,12,1.5,92.5,2,True,16.2,2023-03-18
ORD_0129,Chemical,CustomerD,Medium,386,74.1,Fall,10,3.19,93.3,3,False,19.6,2023-02-26
ORD_0130,Mechanical,CustomerE,Medium,903,46.3,Fall,8,2.44,73.1,3,True,11.4,2023-12-09
ORD_0131,Mechanical,CustomerC,Urgent,937,63.4,Fall,4,3.81,76.7,2,False,12.5,2023-04-11
ORD_0132,Textile,CustomerA,Urgent,524,54.3,Fall,4,1.81,70.8,1,False,12.6,2023-11-21
ORD_0133,Mechanical,CustomerA,High,949,83.9,Spring,10,2.07,70.2,1,True,21.3,2023-06-14
ORD_0134,Mechanical,CustomerE,Urgent,123,80.5,Spring,7,0.93,77.2,3,False,5.2,2023-05-30
ORD_0135,Textile,CustomerE,Low,657,63.5,Spring,5,1.52,70.0,2,True,17.7,2023-12-31
ORD_0136,Mechanical,CustomerF,Low,546,93.4,Winter,11,2.4,93.6,3,True,17.2,2023-02-12
ORD_0137,Textile,CustomerA,Urgent,392,46.5,Winter,8,3.26,80.3,3,True,5.9,2023-07-01
ORD_0138,Chemical,CustomerB,Low,370,65.5,Spring,10,3.93,84.4,1,True,25.9,2023-11-05
ORD_0139,Textile,CustomerA,High,216,32.8,Spring,3,1.6,79.3,2,False,8.2,2023-09-11
ORD_0140,Mechanical,CustomerC,High,892,80.8,Summer,7,0.94,81.0,2,False,23.3,2023-01-09
ORD_0141,Textile,CustomerC,Medium,518,75.0,Summer,11,1.43,72.5,2,True,18.0,2023-11-15
ORD_0142,Mechanical,CustomerE,High,338,36.7,Summer,7,1.57,88.1,2,True,12.1,2023-10-30
ORD_0143,Chemical,CustomerD,Low,754,86.6,Summer,12,3.99,78.2,1,True,45.6,2023-08-02
ORD_0144,Textile,CustomerC,Medium,985,32.0,Fall,3,0.94,77.1,3,False,11.2,2023-03-28
ORD_0145,Food,CustomerA,Medium,705,59.2,Summer,8,2.05,72.3,1,False,28.7,2023-07-06
ORD_0146,Chemical,CustomerB,Low,36,77.8,Fall,11,1.85,86.9,2,False,27.5,2023-05-10
ORD_0147,Mechanical,CustomerE,High,720,89.6,Fall,6,0.93,95.6,2,True,15.9,2023-04-09
ORD_0148,Textile,CustomerA,High,693,52.6,Winter,11,2.4,96.7,1,True,23.0,2023-09-20
ORD_0149,Food,CustomerB,Low,215,81.5,Spring,10,0.59,86.6,2,False,23.5,2023-05-24
ORD_0150,Food,CustomerB,Low,77,50.1,Fall,11,1.94,82.3,3,True,9.0,2023-09-24
ORD_0151,Chemical,CustomerF,Low,470,60.3,Summer,5,3.57,93.4,3,True,16.8,2023-01-13
ORD_0152,Mechanical,CustomerD,Low,861,38.1,Spring,7,1.08,79.7,3,True,12.7,2023-09-08
ORD_0153,Food,CustomerC,Low,266,42.8,Summer,5,2.69,88.4,1,True,20.4,2023-06-13
ORD_0154,Food,CustomerB,Medium,684,70.6,Summer,12,0.64,95.9,1,True,31.1,2023-03-27
ORD_0155,Food,CustomerC,Medium,795,67.2,Winter,10,3.61,86.4,3,False,16.9,2023-01-27
ORD_0156,Textile,CustomerC,Urgent,84,74.8,Spring,10,1.95,83.9,2,True,6.4,2023-11-29
ORD_0157,Chemical,CustomerF,High,418,38.5,Summer,11,2.47,79.6,2,True,13.7,2023-05-03
ORD_0158,Mechanical,CustomerB,Low,61,48.9,Fall,12,1.96,98.9,1,False,35.4,2023-12-25
ORD_0159,Chemical,CustomerB,Medium,520,94.7,Fall,10,3.58,84.9,1,False,37.0,2023-06-06
ORD_0160,Mechanical,CustomerB,High,59,33.3,Fall,12,3.59,89.6,2,False,14.0,2023-05-15
ORD_0161,Electronics,CustomerD,Medium,913,47.2,Summer,9,1.78,82.0,3,True,13.7,2023-08-18
ORD_0162,Chemical,CustomerA,Urgent,526,59.3,Summer,12,2.88,73.6,1,False,18.3,2023-08-10
ORD_0163,Chemical,CustomerE,High,783,39.4,Fall,11,0.64,71.2,3,False,15.1,2023-06-22
ORD_0164,Food,CustomerD,Medium,630,88.1,Spring,8,3.76,79.6,2,False,21.8,2023-01-21
ORD_0165,Food,CustomerE,Urgent,735,66.6,Fall,3,1.79,90.2,2,False,9.2,2023-05-20
ORD_0166,Electronics,CustomerE,Urgent,281,92.9,Spring,3,2.54,75.1,3,False,5.8,2023-12-03
ORD_0167,Mechanical,CustomerA,Low,205,31.2,Summer,9,1.03,90.7,2,False,23.5,2023-08-23
ORD_0168,Electronics,CustomerF,Medium,541,43.5,Summer,10,2.34,79.4,1,False,38.5,2023-12-04
ORD_0169,Chemical,CustomerE,High,702,80.2,Summer,12,2.19,98.7,2,False,20.7,2023-02-11
ORD_0170,Chemical,CustomerC,Medium,716,75.8,Summer,10,1.72,98.0,3,False,17.9,2023-06-20
ORD_0171,Food,CustomerF,Urgent,927,93.7,Summer,5,1.52,78.6,3,True,6.2,2023-10-10
ORD_0172,Textile,CustomerF,High,775,61.1,Spring,11,1.45,86.9,2,True,11.6,2023-01-17
ORD_0173,Food,CustomerB,Medium,61,73.5,Spring,6,0.68,82.4,3,False,8.2,2023-03-08
ORD_0174,Mechanical,CustomerA,Medium,426,72.4,Fall,10,2.78,92.7,2,False,19.3,2023-11-16
ORD_0175,Electronics,CustomerA,Medium,557,78.0,Winter,5,1.96,95.1,1,False,35.6,2023-01-06
ORD_0176,Mechanical,CustomerF,High,907,32.4,Summer,12,2.61,97.9,2,False,19.5,2023-10-21
ORD_0177,Food,CustomerE,Urgent,920,91.0,Fall,7,1.17,73.4,1,False,16.6,2023-01-10
ORD_0178,Mechanical,CustomerA,High,819,49.2,Spring,5,2.64,89.2,2,False,15.6,2023-06-04
ORD_0179,Electronics,CustomerD,Low,199,93.8,Fall,8,3.78,70.2,2,True,20.4,2023-07-14
ORD_0180,Chemical,CustomerC,High,606,77.0,Winter,7,2.79,90.8,1,True,22.9,2023-04-13
ORD_0181,Mechanical,CustomerD,High,716,37.6,Summer,8,2.65,76.6,1,False,21.5,2023-08-29
ORD_0182,Food,CustomerC,Urgent,728,65.7,Fall,11,3.31,94.8,1,True,12.3,2023-07-14
ORD_0183,Food,CustomerF,High,89,89.6,Winter,3,3.4,97.1,1,True,12.2,2023-07-18
ORD_0184,Food,CustomerD,Low,706,43.4,Fall,4,3.65,83.4,1,False,23.5,2023-01-19
ORD_0185,Textile,CustomerD,Low,582,60.1,Summer,3,1.89,94.5,3,True,12.2,2023-12-22
ORD_0186,Electronics,CustomerD,High,727,34.1,Winter,4,3.95,84.2,2,False,14.4,2023-12-11
ORD_0187,Mechanical,CustomerF,Urgent,393,94.5,Fall,10,3.54,97.2,2,True,9.7,2023-05-19
ORD_0188,Food,CustomerB,High,131,41.6,Fall,11,0.95,99.4,1,True,15.8,2023-12-23
ORD_0189,Textile,CustomerF,Urgent,554,54.7,Spring,6,2.11,74.7,1,True,8.0,2023-07-12
ORD_0190,Textile,CustomerE,Low,256,43.4,Winter,12,0.62,87.9,3,True,11.5,2023-06-21
ORD_0191,Electronics,CustomerD,Urgent,249,65.1,Winter,5,2.26,78.7,3,False,7.2,2023-07-07
ORD_0192,Chemical,CustomerB,High,907,39.3,Spring,9,1.55,71.8,3,True,11.4,2023-09-20
ORD_0193,Textile,CustomerE,Urgent,58,93.2,Fall,11,1.62,82.5,1,False,12.8,2023-08-06
ORD_0194,Food,CustomerD,Medium,879,44.6,Spring,10,3.7,86.9,2,True,15.8,2023-07-28
ORD_0195,Chemical,CustomerB,High,672,35.1,Fall,8,0.82,91.7,1,True,17.0,2023-12-29
ORD_0196,Food,CustomerE,Low,904,34.7,Spring,10,1.23,97.2,2,True,16.2,2023-06-25
ORD_0197,Mechanical,CustomerF,Low,774,95.0,Fall,6,2.93,91.1,2,True,22.5,2023-03-09
ORD_0198,Chemical,CustomerD,Urgent,556,72.2,Summer,7,1.76,96.5,2,True,10.8,2023-06-27
ORD_0199,Textile,CustomerC,Medium,389,50.3,Winter,12,3.52,92.2,1,False,30.9,2023-05-14
ORD_0200,Food,CustomerE,Urgent,312,39.9,Summer,6,1.83,95.0,2,False,6.6,2023-10-10
ORD_0201,Textile,CustomerF,Urgent,481,40.9,Summer,5,0.99,86.4,1,True,9.2,2023-04-09
ORD_0202,Electronics,CustomerF,Low,792,30.4,Spring,6,0.74,74.5,1,False,31.2,2023-09-08
ORD_0203,Food,CustomerF,Urgent,685,61.7,Winter,11,2.43,70.4,3,False,8.3,2023-05-25
ORD_0204,Chemical,CustomerA,Urgent,835,91.1,Spring,4,3.71,85.7,1,True,14.6,2023-05-17
ORD_0205,Chemical,CustomerC,High,824,55.8,Summer,9,2.11,77.3,3,True,11.3,2023-02-12
ORD_0206,Electronics,CustomerF,Low,105,56.3,Fall,11,2.17,89.1,3,True,11.0,2023-08-19
ORD_0207,Textile,CustomerF,High,589,93.5,Winter,11,3.72,76.9,3,False,13.4,2023-12-10
ORD_0208,Electronics,CustomerF,High,930,65.3,Winter,5,3.75,79.4,1,True,25.4,2023-02-13
ORD_0209,Textile,CustomerA,High,176,66.7,Fall,11,1.66,92.7,1,True,16.2,2023-12-08
ORD_0210,Chemical,CustomerA,Low,457,45.1,Winter,8,2.62,88.4,3,False,22.8,2023-06-13
ORD_0211,Chemical,CustomerA,High,812,94.5,Fall,6,1.75,98.2,2,True,16.9,2023-09-18
ORD_0212,Textile,CustomerA,High,827,46.0,Winter,4,1.44,81.4,3,True,9.4,2023-02-28
ORD_0213,Chemical,CustomerC,Low,103,30.3,Summer,10,1.76,78.1,1,True,23.7,2023-01-12
ORD_0214,Textile,CustomerE,Urgent,115,31.7,Summer,11,0.83,87.9,2,False,6.5,2023-03-07
ORD_0215,Textile,CustomerD,Low,752,88.6,Spring,12,2.32,90.6,1,True,30.0,2023-02-24
ORD_0216,Chemical,CustomerD,Medium,74,40.9,Summer,9,1.55,93.5,2,False,22.7,2023-05-05
ORD_0217,Textile,CustomerE,Medium,478,37.0,Summer,3,3.82,80.0,3,False,12.6,2023-02-08
ORD_0218,Chemical,CustomerD,High,450,83.0,Spring,7,1.62,98.4,1,False,23.1,2023-04-01
ORD_0219,Textile,CustomerC,High,762,75.2,Fall,12,3.24,79.8,2,False,18.0,2023-07-11
ORD_0220,Food,CustomerB,Medium,708,79.9,Winter,10,3.8,76.3,2,True,22.0,2023-02-03
ORD_0221,Textile,CustomerF,Urgent,152,71.2,Spring,7,2.81,91.5,2,True,6.3,2023-03-20
ORD_0222,Food,CustomerD,Urgent,557,62.9,Fall,11,0.63,99.1,3,True,4.6,2023-10-20
ORD_0223,Mechanical,CustomerF,High,180,72.1,Winter,12,3.94,90.3,2,False,21.8,2023-05-02
ORD_0224,Textile,CustomerA,Low,110,46.8,Spring,10,1.81,83.9,3,True,10.0,2023-02-14
ORD_0225,Electronics,CustomerD,Low,312,57.0,Winter,4,3.41,91.9,2,False,21.2,2023-02-08
ORD_0226,Mechanical,CustomerE,Urgent,366,61.0,Fall,10,1.62,79.0,3,True,4.6,2023-01-05
ORD_0227,Chemical,CustomerF,Low,703,82.0,Spring,11,1.11,74.8,3,False,26.5,2023-01-07
ORD_0228,Mechanical,CustomerD,Medium,200,71.6,Fall,9,0.6,88.4,1,False,27.0,2023-06-24
ORD_0229,Textile,CustomerA,Medium,220,48.1,Winter,12,0.86,96.2,1,False,24.7,2023-11-13
ORD_0230,Textile,CustomerA,High,696,86.1,Summer,12,1.86,81.8,1,False,27.9,2023-02-06
ORD_0231,Textile,CustomerE,Medium,843,73.8,Summer,12,2.57,90.2,2,True,18.7,2023-03-21
ORD_0232,Electronics,CustomerB,High,720,39.2,Fall,9,2.59,87.2,2,True,13.6,2023-10-26
ORD_0233,Food,CustomerF,Medium,578,40.8,Summer,5,1.15,95.3,3,True,10.4,2023-11-17
ORD_0234,Electronics,CustomerD,Medium,209,83.0,Fall,9,2.9,82.5,2,False,18.2,2023-08-24
ORD_0235,Food,CustomerA,Medium,309,32.1,Spring,11,1.51,93.4,3,False,11.2,2023-11-20
ORD_0236,Electronics,CustomerE,Low,284,80.4,Summer,11,3.38,71.2,3,False,22.0,2023-06-19
ORD_0237,Textile,CustomerA,Medium,314,86.9,Winter,10,1.42,95.9,1,False,34.9,2023-12-07
ORD_0238,Electronics,CustomerB,Medium,840,77.9,Summer,12,2.71,75.0,1,True,38.0,2023-02-24
ORD_0239,Electronics,CustomerE,High,555,48.3,Spring,8,3.93,78.8,3,False,14.1,2023-11-10
ORD_0240,Food,CustomerF,Low,148,92.6,Fall,3,3.97,96.0,1,True,18.4,2023-03-04
ORD_0241,Chemical,CustomerB,Urgent,511,39.2,Summer,9,1.81,72.3,1,False,16.6,2023-01-29
ORD_0242,Chemical,CustomerF,High,475,91.8,Summer,12,0.51,93.2,3,True,13.8,2023-12-27
ORD_0243,Textile,CustomerF,High,880,34.1,Fall,6,3.89,94.7,2,False,13.6,2023-03-13
ORD_0244,Chemical,CustomerC,Medium,589,85.4,Summer,3,0.66,88.8,2,True,15.4,2023-04-13
ORD_0245,Mechanical,CustomerD,Urgent,10,94.5,Fall,6,3.98,97.3,3,False,5.5,2023-02-11
ORD_0246,Chemical,CustomerA,High,266,35.4,Spring,3,1.89,79.2,3,True,6.9,2023-04-06
ORD_0247,Electronics,CustomerF,Low,11,43.9,Winter,5,2.58,85.6,2,True,12.3,2023-02-16
ORD_0248,Chemical,CustomerA,Urgent,720,38.6,Winter,6,1.84,91.9,1,True,11.8,2023-02-16
ORD_0249,Chemical,CustomerB,Urgent,802,82.9,Spring,5,0.74,86.9,3,True,6.5,2023-01-02
ORD_0250,Mechanical,CustomerF,Medium,951,56.8,Fall,6,0.8,73.0,1,False,28.4,2023-08-10
ORD_0251,Textile,CustomerC,Medium,263,48.0,Winter,6,2.44,88.0,3,False,12.7,2023-12-18
ORD_0252,Electronics,CustomerF,High,220,63.7,Spring,9,1.53,71.6,1,False,21.3,2023-04-30
ORD_0253,Mechanical,CustomerD,Low,550,87.8,Winter,8,3.77,74.0,3,False,20.2,2023-04-18
ORD_0254,Mechanical,CustomerD,Low,27,68.2,Winter,7,1.26,97.7,2,False,21.7,2023-01-26
ORD_0255,Food,CustomerD,Urgent,728,56.1,Spring,7,0.79,72.4,1,True,10.4,2023-02-10
ORD_0256,Textile,CustomerE,Low,327,75.4,Spring,3,1.36,97.7,1,False,26.3,2023-07-18
ORD_0257,Electronics,CustomerC,Medium,132,30.8,Spring,3,1.07,98.6,3,False,7.7,2023-06-14
ORD_0258,Mechanical,CustomerF,High,760,87.6,Winter,8,3.32,78.2,1,False,32.5,2023-11-17
ORD_0259,Food,CustomerF,Low,518,59.6,Summer,3,2.25,87.0,2,True,14.0,2023-09-29
ORD_0260,Electronics,CustomerE,Low,243,78.2,Winter,3,3.51,70.4,1,False,32.2,2023-04-09
ORD_0261,Mechanical,CustomerB,Low,576,82.2,Fall,6,1.63,82.5,3,False,15.9,2023-09-01
ORD_0262,Electronics,CustomerE,High,132,62.6,Winter,5,1.28,85.5,1,False,16.9,2023-04-12
ORD_0263,Textile,CustomerC,High,345,35.6,Fall,3,1.79,78.7,2,True,7.9,2023-12-29
ORD_0264,Food,CustomerD,Medium,760,88.5,Spring,5,0.52,82.3,1,False,28.7,2023-09-11
ORD_0265,Electronics,CustomerC,Low,787,72.7,Summer,4,1.22,99.5,2,False,32.3,2023-11-06
ORD_0266,Mechanical,CustomerF,High,105,32.9,Spring,11,1.95,96.9,2,True,10.7,2023-12-28
ORD_0267,Food,CustomerB,Urgent,86,68.5,Winter,9,2.82,73.9,2,False,10.1,2023-04-06
ORD_0268,Textile,CustomerF,High,335,59.4,Spring,4,3.8,74.1,3,True,6.1,2023-08-29
ORD_0269,Mechanical,CustomerD,Urgent,331,56.4,Summer,6,2.08,83.9,1,True,9.2,2023-05-28
ORD_0270,Chemical,CustomerF,Low,230,84.3,Summer,5,0.82,77.4,2,False,25.8,2023-12-13
ORD_0271,Chemical,CustomerC,Medium,41,91.9,Fall,11,3.12,77.5,2,True,20.5,2023-10-31
ORD_0272,Mechanical,CustomerA,Low,73,84.0,Spring,5,1.19,82.0,3,True,11.5,2023-02-01
ORD_0273,Chemical,CustomerA,Low,76,42.9,Fall,5,0.82,95.4,2,True,11.9,2023-08-15
ORD_0274,Textile,CustomerA,Medium,956,67.3,Fall,10,0.6,90.5,1,False,28.2,2023-04-05
ORD_0275,Mechanical,CustomerC,High,466,87.4,Winter,12,2.67,77.4,2,False,20.2,2023-09-17
ORD_0276,Food,CustomerD,Low,99,48.2,Spring,9,1.2,96.5,3,True,10.0,2023-01-04
ORD_0277,Food,CustomerA,Urgent,810,76.4,Fall,11,3.24,80.3,3,False,7.8,2023-02-10
ORD_0278,Mechanical,CustomerA,High,621,44.2,Summer,3,3.33,84.2,2,True,14.2,2023-04-01
ORD_0279,Electronics,CustomerB,Medium,282,64.7,Winter,6,2.51,99.5,2,False,23.4,2023-04-12
ORD_0280,Mechanical,CustomerB,Medium,616,50.7,Summer,12,0.6,91.0,3,True,13.7,2023-05-15
ORD_0281,Mechanical,CustomerD,High,189,61.9,Winter,3,1.31,76.6,3,False,7.3,2023-03-15
ORD_0282,Food,CustomerB,Medium,358,76.6,Summer,3,0.58,87.6,1,True,20.3,2023-10-05
ORD_0283,Chemical,CustomerA,High,731,91.2,Fall,12,0.85,79.1,1,True,27.3,2023-10-22
ORD_0284,Textile,CustomerF,Urgent,674,50.6,Summer,6,2.83,94.4,2,False,10.6,2023-04-07
ORD_0285,Chemical,CustomerB,Medium,756,30.1,Fall,12,0.61,88.1,3,True,13.9,2023-12-25
ORD_0286,Electronics,CustomerD,Medium,349,78.4,Spring,8,3.94,75.0,1,False,30.3,2023-03-05
ORD_0287,Chemical,CustomerB,Medium,719,34.4,Summer,4,3.02,71.4,2,False,25.8,2023-12-26
ORD_0288,Textile,CustomerD,Urgent,369,65.5,Winter,10,3.26,87.3,3,True,5.2,2023-02-08
ORD_0289,Electronics,CustomerA,High,30,50.7,Winter,4,1.7,96.6,1,True,14.4,2023-04-07
ORD_0290,Electronics,CustomerC,Urgent,731,32.0,Spring,12,3.61,74.7,1,False,14.6,2023-04-06
ORD_0291,Mechanical,CustomerD,High,686,48.3,Spring,4,0.67,87.2,2,True,9.1,2023-06-14
ORD_0292,Electronics,CustomerD,Low,311,83.6,Fall,6,0.84,76.2,3,False,19.9,2023-04-27
ORD_0293,Textile,CustomerA,High,813,55.8,Fall,7,0.82,86.3,1,False,25.1,2023-03-25
ORD_0294,Chemical,CustomerB,Urgent,55,47.1,Fall,7,1.29,78.1,1,True,10.6,2023-07-22
ORD_0295,Electronics,CustomerA,High,837,65.2,Spring,11,0.71,81.6,3,False,16.7,2023-11-22
ORD_0296,Textile,CustomerE,Medium,497,49.4,Fall,3,2.26,97.0,3,True,7.0,2023-10-31
ORD_0297,Textile,CustomerB,Medium,226,82.5,Spring,3,1.98,99.6,2,True,14.0,2023-06-01
ORD_0298,Mechanical,CustomerE,High,337,89.2,Winter,4,1.86,81.9,2,False,16.1,2023-11-04
ORD_0299,Electronics,CustomerF,Urgent,125,56.9,Spring,12,2.56,92.8,1,True,11.7,2023-07-31
ORD_0300,Electronics,CustomerC,High,908,56.7,Fall,10,2.5,84.2,1,False,26.9,2023-09-17
ORD_0301,Food,CustomerE,Urgent,49,55.7,Summer,6,0.67,84.3,2,False,5.5,2023-11-24
ORD_0302,Chemical,CustomerC,High,873,62.0,Winter,6,0.97,99.2,2,False,18.0,2023-05-27
ORD_0303,Textile,CustomerE,Low,202,58.7,Fall,10,3.16,96.0,1,True,19.5,2023-04-22
ORD_0304,Food,CustomerD,Medium,809,85.3,Winter,5,1.17,95.0,1,True,19.6,2023-08-07
ORD_0305,Electronics,CustomerC,Medium,290,53.9,Fall,11,1.89,97.7,3,True,10.3,2023-05-09
ORD_0306,Textile,CustomerE,Urgent,191,92.4,Fall,12,2.43,80.3,2,True,7.6,2023-06-26
ORD_0307,Textile,CustomerA,Medium,884,67.2,Spring,6,2.77,90.3,2,False,20.4,2023-05-04
ORD_0308,Electronics,CustomerD,Medium,672,41.3,Winter,6,1.38,94.2,2,False,20.2,2023-09-29
ORD_0309,Textile,CustomerC,Urgent,268,44.2,Summer,11,3.39,81.9,1,True,11.1,2023-01-04
ORD_0310,Chemical,CustomerE,High,315,74.5,Fall,4,1.68,78.3,2,False,13.8,2023-12-02
ORD_0311,Chemical,CustomerB,Medium,539,79.8,Winter,12,1.91,79.6,1,True,34.1,2023-12-16
ORD_0312,Chemical,CustomerC,Urgent,424,55.2,Winter,12,2.98,87.2,1,False,19.9,2023-05-09
ORD_0313,Mechanical,CustomerF,Urgent,938,91.1,Summer,11,1.55,75.1,3,True,7.6,2023-05-25
ORD_0314,Textile,CustomerB,High,752,82.5,Spring,8,2.79,76.7,1,False,24.2,2023-03-24
ORD_0315,Chemical,CustomerC,High,609,49.1,Winter,10,0.69,89.0,3,True,11.0,2023-02-03
ORD_0316,Mechanical,CustomerE,Low,898,74.2,Summer,9,0.69,95.6,1,True,32.7,2023-02-01
ORD_0317,Food,CustomerD,Medium,333,86.1,Spring,4,2.21,88.9,1,False,23.8,2023-02-02
ORD_0318,Electronics,CustomerD,High,224,79.5,Spring,12,3.18,84.7,1,True,21.6,2023-09-10
ORD_0319,Textile,CustomerD,Urgent,998,61.0,Winter,3,2.37,91.9,1,False,16.3,2023-06-26
ORD_0320,Food,CustomerB,Low,702,30.3,Spring,6,2.93,80.3,1,True,21.0,2023-01-31
ORD_0321,Food,CustomerC,Medium,76,83.5,Summer,7,2.1,85.6,3,False,11.9,2023-11-14
ORD_0322,Mechanical,CustomerC,Urgent,377,78.8,Spring,9,0.57,76.7,1,True,12.6,2023-08-09
ORD_0323,Food,CustomerE,Medium,136,53.8,Winter,9,3.57,77.7,3,True,10.2,2023-02-10
ORD_0324,Electronics,CustomerF,Low,679,84.3,Winter,4,1.96,81.4,3,False,19.9,2023-12-12
ORD_0325,Mechanical,CustomerB,Low,318,57.4,Winter,11,1.44,88.2,1,False,41.5,2023-08-17
ORD_0326,Electronics,CustomerE,Low,299,37.4,Winter,10,1.2,76.0,2,True,18.5,2023-01-07
ORD_0327,Textile,CustomerC,Medium,50,65.6,Spring,10,1.66,70.1,3,True,11.1,2023-12-12
ORD_0328,Food,CustomerF,Urgent,162,91.7,Winter,4,3.67,89.3,2,False,7.7,2023-02-15
ORD_0329,Electronics,CustomerA,Medium,905,32.6,Summer,8,3.31,79.4,3,True,11.6,2023-06-13
ORD_0330,Electronics,CustomerA,Medium,689,72.1,Summer,8,3.63,98.7,2,True,19.2,2023-10-29
ORD_0331,Chemical,CustomerB,Low,420,56.0,Fall,7,3.42,90.7,2,False,26.2,2023-07-05
ORD_0332,Mechanical,CustomerA,Medium,722,77.2,Spring,4,1.96,87.7,3,False,12.4,2023-12-24
ORD_0333,Textile,CustomerC,Low,893,74.5,Spring,10,3.72,73.4,2,False,23.4,2023-12-15
ORD_0334,Chemical,CustomerF,High,22,75.8,Spring,8,2.32,90.6,3,True,8.6,2023-11-07
ORD_0335,Mechanical,CustomerD,High,689,74.0,Fall,5,3.44,86.8,3,True,7.6,2023-12-14
ORD_0336,Mechanical,CustomerE,Urgent,882,62.2,Spring,4,3.13,79.6,2,False,8.4,2023-02-03
ORD_0337,Mechanical,CustomerE,Urgent,422,83.1,Winter,10,2.05,87.2,1,False,16.7,2023-10-19
ORD_0338,Electronics,CustomerD,Low,115,56.2,Winter,11,2.42,94.8,3,False,20.9,2023-05-15
ORD_0339,Food,CustomerB,Urgent,983,52.2,Winter,6,3.46,80.0,3,False,8.4,2023-06-13
ORD_0340,Chemical,CustomerF,Urgent,126,36.3,Spring,3,1.69,94.9,2,False,7.7,2023-08-19
ORD_0341,Electronics,CustomerB,Urgent,153,83.4,Fall,4,1.39,75.9,1,False,11.1,2023-07-03
ORD_0342,Mechanical,CustomerF,High,120,79.2,Winter,12,0.93,96.8,2,True,16.5,2023-09-03
ORD_0343,Electronics,CustomerE,Low,576,90.8,Fall,11,3.23,97.3,3,True,18.8,2023-07-09
ORD_0344,Mechanical,CustomerA,Urgent,683,69.0,Summer,11,3.58,82.6,3,True,6.8,2023-09-13
ORD_0345,Chemical,CustomerC,Urgent,834,38.7,Fall,12,2.95,92.5,2,False,13.5,2023-06-03
ORD_0346,Food,CustomerF,Medium,215,43.6,Summer,8,3.72,74.0,3,True,9.5,2023-09-08
ORD_0347,Chemical,CustomerF,Low,789,52.9,Fall,12,2.5,90.0,2,False,35.1,2023-06-10
ORD_0348,Textile,CustomerA,Low,35,54.8,Winter,3,1.2,92.5,1,False,22.7,2023-10-07
ORD_0349,Mechanical,CustomerA,High,218,79.0,Winter,8,3.35,73.1,3,True,10.8,2023-04-08
ORD_0350,Food,CustomerD,Medium,533,81.0,Summer,3,3.74,81.6,3,False,15.8,2023-04-27
ORD_0351,Electronics,CustomerA,High,217,70.3,Fall,6,3.69,91.1,3,False,11.7,2023-10-28
ORD_0352,Food,CustomerF,Medium,804,77.1,Spring,7,2.07,99.5,1,True,26.9,2023-03-29
ORD_0353,Food,CustomerA,Urgent,51,57.9,Summer,5,1.06,95.4,1,False,9.2,2023-01-22
ORD_0354,Mechanical,CustomerA,Medium,960,51.0,Winter,12,3.45,79.0,3,False,16.3,2023-12-20
ORD_0355,Chemical,CustomerE,Medium,989,42.0,Winter,11,1.06,86.3,2,True,20.7,2023-06-30
ORD_0356,Mechanical,CustomerF,High,349,53.5,Spring,12,2.36,99.9,3,True,7.7,2023-07-29
ORD_0357,Chemical,CustomerD,Medium,936,71.7,Spring,3,2.89,79.6,1,False,29.8,2023-08-27
ORD_0358,Chemical,CustomerA,High,536,82.2,Fall,10,0.65,96.9,1,False,27.3,2023-08-25
ORD_0359,Electronics,CustomerB,Low,651,34.3,Spring,9,3.42,76.2,3,False,19.1,2023-06-16
ORD_0360,Electronics,CustomerF,Medium,34,59.8,Summer,3,0.81,71.6,2,True,13.0,2023-07-26
ORD_0361,Mechanical,CustomerC,Urgent,407,59.3,Fall,9,1.61,81.7,1,True,11.6,2023-08-26
ORD_0362,Food,CustomerA,Low,727,85.1,Summer,11,0.87,93.6,2,True,21.1,2023-08-26
ORD_0363,Textile,CustomerD,Urgent,851,72.9,Fall,5,2.37,74.1,2,False,11.9,2023-08-20
ORD_0364,Mechanical,CustomerC,High,990,91.7,Spring,4,0.65,87.2,2,True,13.2,2023-03-20
ORD_0365,Chemical,CustomerB,Urgent,937,72.0,Spring,5,1.14,88.5,2,True,7.9,2023-03-14
ORD_0366,Food,CustomerA,Urgent,670,65.7,Summer,4,1.38,75.9,3,False,7.8,2023-07-17
ORD_0367,Chemical,CustomerB,Medium,112,48.5,Winter,6,1.61,83.5,3,False,14.3,2023-08-03
ORD_0368,Mechanical,CustomerE,High,837,50.6,Fall,5,0.52,77.4,1,False,19.9,2023-01-13
ORD_0369,Chemical,CustomerB,High,908,61.2,Fall,8,3.21,84.6,1,True,24.2,2023-03-13
ORD_0370,Electronics,CustomerC,Medium,922,65.0,Summer,4,3.05,96.8,3,True,15.4,2023-06-12
ORD_0371,Food,CustomerD,Medium,938,32.4,Summer,11,3.63,86.2,3,True,12.3,2023-07-15
ORD_0372,Mechanical,CustomerE,High,147,60.2,Winter,9,1.77,70.3,1,True,19.8,2023-11-20
ORD_0373,Mechanical,CustomerD,Medium,193,66.8,Spring,10,3.79,71.2,2,True,13.1,2023-03-18
ORD_0374,Chemical,CustomerB,Low,694,43.4,Summer,9,2.14,83.6,1,True,40.3,2023-07-24
ORD_0375,Chemical,CustomerA,High,864,78.2,Spring,9,2.79,81.0,3,True,12.1,2023-07-07
ORD_0376,Textile,CustomerB,Urgent,371,83.1,Summer,10,3.27,96.6,1,True,12.4,2023-01-08
ORD_0377,Mechanical,CustomerA,High,226,39.8,Spring,8,2.61,94.5,3,True,7.1,2023-08-11
ORD_0378,Chemical,CustomerF,Low,503,73.9,Fall,6,2.57,89.4,2,True,18.6,2023-12-05
ORD_0379,Mechanical,CustomerE,Medium,147,70.9,Winter,12,1.01,75.0,1,False,32.5,2023-03-30
ORD_0380,Food,CustomerF,Low,909,76.8,Summer,4,1.26,88.2,2,False,21.6,2023-03-19
ORD_0381,Textile,CustomerE,Medium,823,67.9,Spring,12,2.81,77.9,3,False,19.7,2023-10-31
ORD_0382,Food,CustomerE,Low,245,54.6,Spring,4,0.56,85.7,3,False,12.1,2023-04-05
ORD_0383,Food,CustomerA,Medium,497,88.6,Winter,11,2.26,73.5,2,True,21.8,2023-04-22
ORD_0384,Food,CustomerA,Urgent,544,57.3,Winter,11,2.0,98.2,2,False,9.8,2023-02-18
ORD_0385,Food,CustomerA,Urgent,147,46.5,Spring,4,1.49,96.3,2,False,5.0,2023-01-09
ORD_0386,Electronics,CustomerE,Low,542,30.5,Spring,8,1.93,73.2,2,False,20.6,2023-07-20
ORD_0387,Food,CustomerD,High,636,47.9,Fall,6,1.95,93.5,2,True,9.8,2023-08-30
ORD_0388,Food,CustomerD,High,324,67.5,Fall,5,3.49,89.8,3,True,6.9,2023-03-18
ORD_0389,Mechanical,CustomerA,Medium,530,56.0,Summer,11,2.65,90.5,1,True,25.5,2023-05-19
ORD_0390,Electronics,CustomerA,Medium,492,90.2,Fall,4,0.72,76.7,1,True,25.0,2023-06-22
ORD_0391,Textile,CustomerE,High,738,92.6,Winter,5,2.74,83.2,1,False,22.8,2023-04-12
ORD_0392,Food,CustomerE,Medium,639,41.0,Winter,8,1.34,70.0,1,True,25.8,2023-01-12
ORD_0393,Textile,CustomerC,Urgent,425,68.1,Winter,4,3.72,86.5,3,False,6.1,2023-09-12
ORD_0394,Chemical,CustomerB,Medium,475,90.4,Winter,7,1.11,85.2,3,True,14.3,2023-07-20
ORD_0395,Chemical,CustomerA,High,907,65.0,Summer,10,3.88,86.9,1,False,39.5,2023-03-23
ORD_0396,Textile,CustomerF,Urgent,928,68.1,Winter,10,0.91,72.0,3,True,7.6,2023-06-05
ORD_0397,Mechanical,CustomerC,Urgent,988,53.0,Winter,7,1.37,72.8,3,False,7.1,2023-10-09
ORD_0398,Mechanical,CustomerD,High,372,44.2,Summer,5,3.81,90.5,1,False,22.5,2023-05-23
ORD_0399,Mechanical,CustomerF,Medium,903,47.3,Spring,6,3.42,95.1,2,True,18.3,2023-04-27
ORD_0400,Electronics,CustomerA,Urgent,638,30.4,Winter,10,1.8,79.5,3,False,8.1,2023-04-08
ORD_0401,Food,CustomerC,Urgent,237,78.8,Spring,3,2.34,82.7,3,True,4.1,2023-09-07
ORD_0402,Textile,CustomerF,Medium,478,93.5,Fall,8,2.91,70.4,1,False,30.8,2023-11-07
ORD_0403,Chemical,CustomerC,High,201,65.7,Spring,7,2.15,88.4,2,True,12.4,2023-09-13
ORD_0404,Mechanical,CustomerD,High,383,85.5,Summer,10,1.13,73.9,3,True,12.2,2023-08-10
ORD_0405,Chemical,CustomerB,Urgent,886,54.8,Spring,5,2.16,70.3,2,False,9.7,2023-08-11
ORD_0406,Food,CustomerE,High,814,61.6,Summer,11,3.5,71.4,1,True,18.4,2023-03-23
ORD_0407,Chemical,CustomerD,Low,470,78.4,Summer,8,1.76,86.7,2,False,24.1,2023-09-07
ORD_0408,Electronics,CustomerC,Medium,600,67.4,Spring,7,1.74,90.2,2,False,24.3,2023-12-07
ORD_0409,Textile,CustomerE,High,484,71.1,Spring,5,2.74,97.9,2,False,15.6,2023-01-31
ORD_0410,Electronics,CustomerA,Medium,361,44.8,Summer,7,2.99,88.2,2,False,23.2,2023-06-30
ORD_0411,Chemical,CustomerF,Urgent,433,40.9,Winter,5,3.05,89.9,3,True,5.1,2023-02-24
ORD_0412,Textile,CustomerA,Low,75,90.9,Fall,11,0.69,93.1,3,True,10.6,2023-02-04
ORD_0413,Food,CustomerB,Low,680,90.6,Fall,7,1.3,92.1,2,True,16.2,2023-06-15
ORD_0414,Mechanical,CustomerA,Low,689,53.2,Summer,10,2.14,96.1,2,False,24.0,2023-12-28
ORD_0415,Food,CustomerB,Urgent,656,78.7,Fall,11,2.74,86.0,2,False,11.0,2023-09-02
ORD_0416,Electronics,CustomerD,High,384,56.8,Spring,7,0.54,85.7,1,False,19.3,2023-11-08
ORD_0417,Food,CustomerA,Urgent,979,79.1,Summer,3,3.18,93.9,3,True,6.9,2023-05-29
ORD_0418,Food,CustomerC,Medium,431,87.3,Fall,9,1.37,91.4,3,False,15.4,2023-03-14
ORD_0419,Mechanical,CustomerC,Low,442,70.6,Summer,7,2.77,86.0,2,False,22.6,2023-05-01
ORD_0420,Electronics,CustomerB,Medium,306,37.2,Fall,12,2.08,91.0,2,True,14.7,2023-09-23
ORD_0421,Mechanical,CustomerA,Low,200,93.2,Summer,7,0.94,83.2,1,True,23.7,2023-09-11
ORD_0422,Electronics,CustomerD,Medium,360,57.3,Fall,8,2.12,93.7,2,True,17.5,2023-04-21
ORD_0423,Mechanical,CustomerA,High,804,55.5,Fall,5,1.17,95.2,2,True,10.4,2023-08-02
ORD_0424,Mechanical,CustomerD,Urgent,263,77.9,Winter,6,2.11,93.1,3,True,5.5,2023-09-09
ORD_0425,Chemical,CustomerC,Medium,654,77.3,Winter,7,2.18,79.0,2,True,23.7,2023-01-07
ORD_0426,Mechanical,CustomerA,Medium,658,58.2,Winter,5,3.28,87.5,2,True,13.6,2023-06-07
ORD_0427,Electronics,CustomerE,Urgent,714,68.8,Summer,4,1.37,85.0,3,False,9.3,2023-11-20
ORD_0428,Electronics,CustomerA,High,670,40.0,Winter,5,2.21,79.5,3,False,13.3,2023-03-23
ORD_0429,Textile,CustomerF,Medium,31,74.8,Summer,5,1.38,71.2,3,False,11.5,2023-06-23
ORD_0430,Food,CustomerF,Urgent,204,66.8,Summer,8,3.06,78.3,3,True,4.2,2023-11-19
ORD_0431,Mechanical,CustomerD,High,849,47.1,Summer,10,0.5,89.1,2,True,17.5,2023-06-09
ORD_0432,Food,CustomerC,Medium,338,76.9,Fall,6,2.33,84.9,3,True,9.8,2023-12-17
ORD_0433,Chemical,CustomerD,High,123,36.3,Winter,3,3.42,73.9,1,True,12.9,2023-11-13
ORD_0434,Mechanical,CustomerA,Low,594,71.7,Fall,10,2.34,91.0,2,True,20.1,2023-08-08
ORD_0435,Food,CustomerF,Low,23,90.5,Spring,10,3.75,95.0,2,True,16.1,2023-11-10
ORD_0436,Textile,CustomerC,Low,853,70.1,Winter,4,3.42,72.3,1,True,25.1,2023-03-04
ORD_0437,Mechanical,CustomerE,Urgent,204,42.6,Spring,12,2.69,75.4,3,False,7.4,2023-11-03
ORD_0438,Food,CustomerC,Urgent,729,73.2,Winter,5,3.27,86.5,3,False,7.8,2023-03-08
ORD_0439,Food,CustomerE,Urgent,965,52.9,Summer,11,3.97,79.7,2,False,13.8,2023-09-29
ORD_0440,Textile,CustomerF,High,633,45.6,Spring,9,3.18,97.8,2,False,17.7,2023-05-25
ORD_0441,Textile,CustomerD,Low,753,32.3,Summer,12,0.56,74.1,2,True,19.3,2023-06-24
ORD_0442,Mechanical,CustomerB,High,32,80.1,Summer,11,2.29,87.1,3,True,8.2,2023-07-11
ORD_0443,Textile,CustomerC,Medium,151,47.2,Spring,6,1.4,79.0,3,False,9.9,2023-12-19
ORD_0444,Mechanical,CustomerF,Low,750,51.1,Fall,5,2.21,97.0,3,True,13.4,2023-03-07
ORD_0445,Chemical,CustomerA,Urgent,90,80.7,Summer,8,3.58,83.0,1,True,14.3,2023-07-09
ORD_0446,Food,CustomerA,Urgent,65,49.8,Winter,8,2.39,74.5,3,True,3.8,2023-10-17
ORD_0447,Textile,CustomerD,Low,237,58.1,Fall,5,0.96,72.5,3,True,10.0,2023-08-31
ORD_0448,Chemical,CustomerA,Urgent,523,58.2,Spring,5,2.18,75.9,2,True,8.3,2023-02-02
ORD_0449,Food,CustomerB,Medium,83,47.3,Fall,8,2.9,87.3,1,False,19.2,2023-01-10
ORD_0450,Chemical,CustomerB,High,362,68.6,Winter,7,1.09,80.5,2,True,14.1,2023-08-17
ORD_0451,Mechanical,CustomerB,High,169,79.3,Winter,4,3.09,77.3,3,True,9.7,2023-07-09
ORD_0452,Chemical,CustomerA,High,720,82.3,Summer,10,2.15,80.0,3,True,11.5,2023-08-02
ORD_0453,Food,CustomerC,Urgent,647,77.4,Spring,3,1.82,97.2,3,True,4.3,2023-05-07
ORD_0454,Electronics,CustomerC,Medium,818,75.3,Summer,3,2.13,98.4,1,False,34.8,2023-04-18
ORD_0455,Chemical,CustomerA,Low,309,86.4,Fall,6,3.93,85.3,3,True,17.2,2023-06-17
ORD_0456,Textile,CustomerE,Low,200,42.9,Fall,11,3.74,70.6,1,False,27.8,2023-12-19
ORD_0457,Textile,CustomerF,Medium,28,52.5,Summer,8,2.69,77.1,3,False,13.0,2023-04-30
ORD_0458,Chemical,CustomerD,Low,976,66.1,Summer,6,1.03,96.9,3,True,14.9,2023-06-10
ORD_0459,Textile,CustomerE,Medium,437,45.6,Spring,9,3.9,97.3,2,False,17.9,2023-11-21
ORD_0460,Mechanical,CustomerF,Medium,604,65.2,Spring,5,1.58,91.2,3,True,10.3,2023-09-01
ORD_0461,Mechanical,CustomerF,Medium,335,34.4,Winter,5,1.61,96.4,3,True,10.1,2023-05-24
ORD_0462,Textile,CustomerD,High,463,78.5,Summer,5,3.23,73.2,1,True,20.1,2023-10-12
ORD_0463,Food,CustomerE,High,630,66.9,Spring,12,1.31,90.6,2,True,14.2,2023-06-24
ORD_0464,Textile,CustomerB,Urgent,739,72.2,Spring,9,2.22,74.1,1,True,10.0,2023-10-23
ORD_0465,Electronics,CustomerC,Urgent,237,78.3,Spring,6,0.73,97.8,2,False,9.8,2023-06-19
ORD_0466,Textile,CustomerB,Urgent,424,80.5,Fall,8,1.88,98.2,3,True,5.4,2023-12-24
ORD_0467,Textile,CustomerD,Low,908,94.7,Fall,3,2.45,85.5,3,True,12.5,2023-04-10
ORD_0468,Textile,CustomerD,High,802,83.8,Fall,5,1.98,88.4,1,True,18.1,2023-03-07
ORD_0469,Textile,CustomerA,Low,194,80.6,Spring,9,1.95,83.5,1,False,31.9,2023-06-14
ORD_0470,Mechanical,CustomerD,Low,266,51.1,Spring,4,0.82,91.2,3,False,10.3,2023-11-20
ORD_0471,Textile,CustomerF,Medium,397,65.8,Winter,5,3.69,87.0,3,True,9.1,2023-10-21
ORD_0472,Mechanical,CustomerB,Low,439,50.0,Fall,7,2.69,73.5,1,True,20.1,2023-04-28
ORD_0473,Chemical,CustomerA,Urgent,519,85.6,Winter,12,3.59,77.1,3,False,10.2,2023-12-29
ORD_0474,Textile,CustomerA,Low,260,87.3,Summer,12,2.7,94.6,1,True,27.2,2023-10-31
ORD_0475,Electronics,CustomerF,High,47,39.4,Winter,12,3.43,79.0,1,True,16.0,2023-11-09
ORD_0476,Mechanical,CustomerB,High,635,73.0,Spring,10,3.12,80.8,1,True,23.2,2023-05-02
ORD_0477,Chemical,CustomerC,Urgent,849,34.4,Fall,11,0.73,84.1,1,False,15.6,2023-05-08
ORD_0478,Textile,CustomerE,Medium,722,43.6,Winter,4,2.5,99.4,3,True,10.1,2023-09-08
ORD_0479,Food,CustomerF,High,447,69.6,Summer,7,2.34,99.9,2,True,12.5,2023-10-16
ORD_0480,Textile,CustomerE,Urgent,514,82.5,Spring,7,3.93,70.0,1,False,15.2,2023-08-29
ORD_0481,Electronics,CustomerF,Medium,828,70.0,Fall,9,0.66,80.5,3,True,10.9,2023-01-10
ORD_0482,Mechanical,CustomerF,High,270,81.4,Summer,7,2.27,79.7,1,True,20.6,2023-06-10
ORD_0483,Chemical,CustomerD,Low,862,41.4,Summer,8,3.73,84.4,2,True,26.2,2023-09-19
ORD_0484,Textile,CustomerB,Urgent,923,86.2,Summer,10,3.24,82.4,3,True,8.7,2023-02-18
ORD_0485,Chemical,CustomerE,High,578,64.8,Spring,12,2.9,94.0,2,True,18.9,2023-07-16
ORD_0486,Chemical,CustomerA,High,394,70.7,Spring,12,2.62,75.6,1,False,30.0,2023-03-17
ORD_0487,Chemical,CustomerF,Low,288,56.9,Fall,6,1.8,94.9,2,True,17.9,2023-11-16
ORD_0488,Mechanical,CustomerA,High,813,32.4,Spring,4,2.05,70.7,2,True,10.0,2023-06-14
ORD_0489,Textile,CustomerF,High,804,51.3,Winter,11,2.87,74.0,3,True,10.8,2023-02-11
ORD_0490,Food,CustomerA,Low,328,90.6,Winter,8,2.13,71.4,3,False,14.2,2023-09-28
ORD_0491,Chemical,CustomerF,Medium,338,43.0,Summer,7,2.36,93.2,3,True,10.7,2023-09-09
ORD_0492,Mechanical,CustomerC,Low,25,92.3,Winter,6,2.4,86.5,2,True,21.7,2023-08-25
ORD_0493,Chemical,CustomerE,Medium,185,34.6,Summer,11,2.05,73.9,2,True,14.5,2023-11-05
ORD_0494,Electronics,CustomerA,Urgent,411,41.6,Fall,12,1.74,80.0,1,True,14.2,2023-05-17
ORD_0495,Textile,CustomerE,Medium,105,82.8,Fall,4,2.09,90.5,3,False,10.3,2023-02-04
ORD_0496,Mechanical,CustomerB,High,944,53.6,Spring,8,3.26,96.5,2,False,14.5,2023-08-19
ORD_0497,Textile,CustomerA,High,500,60.0,Spring,7,3.19,88.1,1,True,15.7,2023-07-19
ORD_0498,Electronics,CustomerC,Low,821,49.6,Fall,9,2.57,77.2,1,True,37.5,2023-04-09
ORD_0499,Textile,CustomerA,High,223,82.9,Fall,9,2.49,80.3,3,True,7.4,2023-05-22
ORD_0500,Electronics,CustomerF,Urgent,127,68.5,Fall,8,2.44,94.7,1,False,15.6,2023-12-31
ORD_0501,Electronics,CustomerE,Low,711,82.9,Fall,8,2.23,89.8,1,True,36.5,2023-03-15
ORD_0502,Food,CustomerF,Low,785,39.5,Spring,10,2.36,81.7,3,False,14.5,2023-07-06
ORD_0503,Chemical,CustomerC,High,950,91.3,Fall,8,3.97,87.5,3,False,17.9,2023-01-31
ORD_0504,Chemical,CustomerA,High,932,65.7,Winter,3,2.96,94.6,2,True,18.0,2023-08-31
ORD_0505,Electronics,CustomerB,Urgent,729,68.4,Summer,9,1.92,83.1,1,True,14.5,2023-05-07
ORD_0506,Mechanical,CustomerE,Urgent,873,90.1,Fall,5,1.51,96.2,1,True,10.2,2023-04-25
ORD_0507,Electronics,CustomerB,Urgent,683,58.4,Spring,4,0.98,94.2,2,False,9.9,2023-11-21
ORD_0508,Textile,CustomerE,Urgent,575,83.3,Fall,8,1.29,82.7,1,False,16.3,2023-01-02
ORD_0509,Mechanical,CustomerF,High,430,90.2,Summer,3,3.92,87.0,3,False,10.1,2023-06-17
ORD_0510,Textile,CustomerF,Low,155,77.5,Summer,10,2.31,85.7,3,True,12.3,2023-07-02
ORD_0511,Electronics,CustomerF,High,637,33.4,Summer,11,3.22,84.1,3,False,14.1,2023-11-14
ORD_0512,Chemical,CustomerD,High,993,93.6,Summer,7,1.09,90.9,3,False,18.1,2023-09-05
ORD_0513,Food,CustomerC,Low,654,60.8,Spring,12,0.68,99.7,3,True,12.5,2023-10-15
ORD_0514,Electronics,CustomerB,Low,881,80.9,Summer,5,2.66,78.3,2,True,27.1,2023-03-16
ORD_0515,Food,CustomerB,Medium,684,59.0,Spring,7,3.24,77.1,1,True,20.0,2023-05-20
ORD_0516,Electronics,CustomerB,Medium,867,62.2,Fall,9,1.33,83.2,3,True,11.9,2023-06-13
ORD_0517,Chemical,CustomerA,High,783,83.3,Winter,5,2.12,84.3,2,True,15.8,2023-09-06
ORD_0518,Textile,CustomerD,High,158,64.5,Fall,3,1.51,93.9,2,False,12.2,2023-06-10
ORD_0519,Electronics,CustomerA,High,989,84.9,Summer,8,1.45,94.1,2,False,21.9,2023-11-06
ORD_0520,Mechanical,CustomerF,Medium,542,51.9,Spring,8,2.42,90.2,1,True,21.2,2023-10-02
ORD_0521,Food,CustomerA,Urgent,369,44.3,Summer,7,1.18,70.7,1,True,11.0,2023-04-13
ORD_0522,Mechanical,CustomerE,Low,735,92.3,Winter,12,0.95,89.7,3,True,22.0,2023-11-27
ORD_0523,Mechanical,CustomerC,High,488,72.9,Winter,10,3.73,78.3,2,False,17.6,2023-04-07
ORD_0524,Electronics,CustomerC,Low,401,55.3,Winter,7,3.84,77.9,2,True,20.8,2023-11-02
ORD_0525,Mechanical,CustomerE,Urgent,192,72.0,Winter,5,2.39,82.9,3,True,6.1,2023-11-06
ORD_0526,Chemical,CustomerA,Low,84,34.6,Summer,10,0.57,84.9,3,True,15.5,2023-03-03
ORD_0527,Textile,CustomerC,Medium,726,51.4,Fall,12,0.51,91.2,2,False,20.1,2023-06-01
ORD_0528,Electronics,CustomerE,Medium,13,55.0,Fall,4,2.49,98.1,2,False,15.5,2023-02-01
ORD_0529,Textile,CustomerA,Low,384,64.8,Summer,4,3.44,92.8,2,True,14.5,2023-04-10
ORD_0530,Electronics,CustomerD,Medium,316,75.2,Winter,8,2.2,96.6,2,True,15.2,2023-09-26
ORD_0531,Mechanical,CustomerA,Medium,510,55.3,Summer,10,2.37,95.0,2,True,14.5,2023-09-16
ORD_0532,Electronics,CustomerC,Low,425,37.7,Fall,11,1.02,87.4,1,True,29.6,2023-05-25
ORD_0533,Textile,CustomerF,Low,492,89.0,Winter,6,2.95,73.9,1,True,34.2,2023-05-08
ORD_0534,Electronics,CustomerD,Medium,865,68.4,Winter,4,2.24,94.0,1,True,30.1,2023-07-12
ORD_0535,Textile,CustomerC,Urgent,342,37.9,Spring,8,3.43,93.8,1,True,8.4,2023-08-05
ORD_0536,Electronics,CustomerC,Medium,785,57.0,Summer,11,1.08,77.3,3,True,12.8,2023-12-25
ORD_0537,Food,CustomerD,Medium,26,87.2,Winter,3,0.53,97.8,3,False,9.4,2023-01-06
ORD_0538,Textile,CustomerF,Medium,221,39.3,Summer,11,2.08,77.2,1,True,21.6,2023-06-02
ORD_0539,Textile,CustomerE,Low,652,83.7,Summer,8,1.97,86.7,1,True,37.4,2023-05-14
ORD_0540,Electronics,CustomerE,High,893,79.5,Spring,10,3.2,89.8,2,True,14.7,2023-04-15
ORD_0541,Mechanical,CustomerF,Urgent,519,41.5,Winter,3,2.76,78.6,2,False,8.2,2023-03-15
ORD_0542,Textile,CustomerA,Low,768,33.4,Spring,5,3.25,84.6,1,True,26.8,2023-06-01
ORD_0543,Textile,CustomerE,High,439,42.9,Summer,6,3.23,79.8,1,True,17.5,2023-01-13
ORD_0544,Mechanical,CustomerD,Medium,85,60.6,Fall,3,3.62,74.3,3,False,9.1,2023-01-15
ORD_0545,Chemical,CustomerB,Urgent,747,42.6,Summer,7,1.21,73.8,3,True,6.2,2023-11-30
ORD_0546,Electronics,CustomerD,Urgent,438,41.1,Summer,6,3.6,88.1,3,True,5.9,2023-11-26
ORD_0547,Food,CustomerB,Low,431,85.7,Fall,6,2.57,95.1,2,True,18.4,2023-08-04
ORD_0548,Mechanical,CustomerB,High,454,67.7,Spring,12,3.64,82.5,1,True,24.7,2023-02-10
ORD_0549,Food,CustomerA,Urgent,553,55.6,Winter,10,2.23,72.5,1,False,17.5,2023-07-08
ORD_0550,Mechanical,CustomerC,High,254,72.1,Winter,3,2.18,79.1,3,False,11.5,2023-08-27
ORD_0551,Food,CustomerA,Urgent,484,80.2,Fall,5,3.26,81.1,2,True,8.0,2023-03-17
ORD_0552,Electronics,CustomerD,High,553,32.1,Fall,7,2.94,88.4,3,True,9.5,2023-08-17
ORD_0553,Electronics,CustomerE,High,763,90.6,Summer,3,0.89,81.0,3,True,10.2,2023-11-17
ORD_0554,Mechanical,CustomerF,Low,584,76.1,Spring,5,3.93,77.2,1,False,38.2,2023-07-15
ORD_0555,Food,CustomerF,Medium,781,78.4,Spring,8,1.73,78.0,3,False,13.5,2023-10-12
ORD_0556,Electronics,CustomerC,High,473,61.6,Winter,10,2.98,90.3,3,False,13.5,2023-03-22
ORD_0557,Chemical,CustomerF,Low,202,88.0,Fall,4,0.78,96.9,2,True,15.0,2023-11-01
ORD_0558,Chemical,CustomerA,Medium,518,39.8,Spring,11,3.83,70.7,2,True,18.2,2023-08-16
ORD_0559,Textile,CustomerD,Low,308,42.3,Winter,6,3.42,85.6,2,False,20.3,2023-06-10
ORD_0560,Chemical,CustomerD,Urgent,478,49.8,Spring,7,1.1,77.8,2,False,11.9,2023-02-25
ORD_0561,Electronics,CustomerB,High,301,59.6,Spring,12,3.73,91.4,2,True,16.6,2023-05-21
ORD_0562,Mechanical,CustomerB,Medium,129,32.7,Summer,12,0.94,77.8,1,True,21.9,2023-08-22
ORD_0563,Electronics,CustomerF,High,362,39.6,Fall,11,3.91,86.0,1,True,18.0,2023-05-22
ORD_0564,Textile,CustomerB,Urgent,960,50.8,Winter,11,3.91,79.9,3,False,9.0,2023-04-12
ORD_0565,Chemical,CustomerE,Medium,828,66.7,Fall,8,2.91,91.9,1,True,30.0,2023-12-28
ORD_0566,Electronics,CustomerC,Low,421,70.1,Spring,10,1.75,79.8,3,True,15.5,2023-11-07
ORD_0567,Mechanical,CustomerC,Medium,33,35.4,Fall,4,3.92,81.8,2,False,13.5,2023-08-21
ORD_0568,Food,CustomerA,High,417,39.6,Fall,8,1.85,70.4,2,False,11.6,2023-05-26
ORD_0569,Textile,CustomerE,Low,230,77.3,Fall,9,3.31,78.7,3,False,17.4,2023-03-25
ORD_0570,Textile,CustomerB,Low,157,43.5,Fall,11,3.95,72.0,3,False,12.3,2023-10-28
ORD_0571,Textile,CustomerF,High,434,41.4,Fall,12,3.14,74.1,1,False,20.1,2023-03-07
ORD_0572,Textile,CustomerA,High,864,68.0,Fall,11,3.09,76.7,1,True,19.4,2023-06-15
ORD_0573,Textile,CustomerA,High,437,41.7,Spring,3,0.92,78.3,1,False,15.7,2023-01-09
ORD_0574,Food,CustomerD,High,653,74.6,Winter,8,2.29,87.3,2,True,14.2,2023-03-05
ORD_0575,Mechanical,CustomerC,Urgent,909,75.1,Summer,5,0.69,80.8,3,False,6.9,2023-01-27
ORD_0576,Chemical,CustomerE,Low,536,42.6,Spring,4,2.6,75.0,2,False,25.5,2023-06-17
ORD_0577,Chemical,CustomerC,High,108,64.7,Summer,5,0.55,85.5,2,False,14.4,2023-10-10
ORD_0578,Mechanical,CustomerA,Medium,168,62.7,Spring,11,2.65,94.9,3,True,10.5,2023-09-02
ORD_0579,Electronics,CustomerA,Medium,955,31.1,Summer,7,2.92,74.2,2,False,20.7,2023-07-08
ORD_0580,Chemical,CustomerA,Low,237,38.4,Spring,6,1.58,76.3,1,False,31.7,2023-03-14
ORD_0581,Electronics,CustomerA,Low,803,61.5,Fall,3,1.19,71.0,3,True,13.5,2023-06-11
ORD_0582,Chemical,CustomerA,Low,318,73.4,Winter,4,3.72,76.2,1,True,31.9,2023-07-12
ORD_0583,Electronics,CustomerA,Medium,876,78.5,Summer,12,1.72,74.8,3,True,16.9,2023-10-09
ORD_0584,Electronics,CustomerA,Low,551,44.1,Spring,7,1.1,92.6,1,True,30.1,2023-01-14
ORD_0585,Food,CustomerF,Urgent,385,75.4,Spring,10,2.86,73.2,2,False,9.4,2023-11-18
ORD_0586,Food,CustomerB,Urgent,125,79.5,Summer,4,2.13,85.6,2,False,8.3,2023-08-11
ORD_0587,Food,CustomerF,Low,94,51.3,Winter,9,1.49,88.0,2,False,16.8,2023-11-27
ORD_0588,Textile,CustomerC,Urgent,203,85.7,Fall,8,1.13,100.0,2,True,6.6,2023-06-15
ORD_0589,Food,CustomerF,Low,132,39.3,Fall,12,3.92,92.2,1,True,20.9,2023-07-22
ORD_0590,Mechanical,CustomerC,Medium,619,84.9,Fall,4,1.32,82.7,2,False,21.7,2023-04-02
ORD_0591,Food,CustomerE,High,784,81.3,Fall,8,2.17,88.1,2,False,16.8,2023-06-17
ORD_0592,Mechanical,CustomerD,Low,135,46.3,Fall,6,2.7,74.0,1,True,23.8,2023-11-10
ORD_0593,Textile,CustomerF,Low,193,54.9,Summer,5,1.56,88.7,1,False,28.8,2023-01-18
ORD_0594,Mechanical,CustomerC,Urgent,512,62.8,Summer,11,2.41,98.6,1,False,19.3,2023-11-26
ORD_0595,Electronics,CustomerD,Urgent,332,85.4,Fall,10,0.63,75.3,3,False,9.1,2023-05-25
ORD_0596,Mechanical,CustomerD,Urgent,147,50.3,Fall,10,3.17,87.1,2,False,8.8,2023-06-15
ORD_0597,Mechanical,CustomerE,Low,410,47.1,Fall,12,2.87,93.0,2,False,20.1,2023-10-17
ORD_0598,Food,CustomerA,Medium,867,53.8,Winter,8,1.83,82.8,2,False,20.2,2023-10-19
ORD_0599,Mechanical,CustomerB,Medium,673,50.3,Winter,4,3.54,73.4,1,True,23.7,2023-01-21
ORD_0600,Electronics,CustomerD,Urgent,591,63.5,Fall,7,0.57,84.1,1,False,13.8,2023-09-19
ORD_0601,Textile,CustomerC,Low,837,61.7,Spring,8,2.24,94.3,3,False,15.2,2023-01-29
ORD_0602,Chemical,CustomerC,Urgent,216,62.3,Winter,11,1.25,78.0,2,False,13.2,2024-01-01
ORD_0603,Food,CustomerF,Low,744,84.9,Winter,12,1.68,72.0,3,False,21.3,2023-03-09
ORD_0604,Chemical,CustomerA,High,526,82.3,Fall,11,1.6,82.4,2,False,21.3,2023-09-12
ORD_0605,Food,CustomerB,Low,652,75.7,Spring,12,2.25,89.8,3,False,16.9,2023-02-02
ORD_0606,Food,CustomerE,Urgent,967,66.8,Winter,11,1.2,83.9,1,True,15.6,2023-02-04
ORD_0607,Chemical,CustomerD,Urgent,336,85.9,Winter,6,3.46,78.0,2,True,8.7,2023-03-13
ORD_0608,Food,CustomerB,Urgent,254,37.4,Spring,3,1.36,94.8,2,False,5.6,2023-03-19
ORD_0609,Textile,CustomerD,Low,216,40.4,Spring,3,1.4,94.1,3,True,8.4,2023-02-22
ORD_0610,Electronics,CustomerF,Urgent,811,31.3,Winter,8,2.61,96.0,2,False,12.2,2023-09-25
ORD_0611,Electronics,CustomerD,Medium,251,37.3,Winter,11,2.82,87.4,3,False,15.0,2023-03-25
ORD_0612,Electronics,CustomerB,Low,801,82.4,Summer,12,3.08,94.2,3,True,23.6,2024-01-01
ORD_0613,Mechanical,CustomerB,Low,189,43.9,Summer,10,1.93,95.9,1,False,32.6,2023-05-01
ORD_0614,Electronics,CustomerC,Urgent,496,74.4,Summer,5,1.77,91.5,2,True,9.1,2023-02-17
ORD_0615,Food,CustomerA,Low,717,89.6,Spring,7,2.43,79.3,3,False,20.6,2023-07-04
ORD_0616,Electronics,CustomerE,Medium,888,58.8,Winter,9,3.75,97.5,2,True,24.9,2023-07-02
ORD_0617,Mechanical,CustomerC,Medium,890,87.9,Fall,8,3.58,93.0,2,True,17.9,2023-06-23
ORD_0618,Electronics,CustomerD,Urgent,764,56.8,Summer,9,3.57,94.6,1,False,18.2,2023-02-11
ORD_0619,Chemical,CustomerD,High,474,75.2,Winter,5,2.71,93.7,1,True,20.1,2023-07-31
ORD_0620,Chemical,CustomerC,Low,123,40.3,Spring,12,2.9,93.8,2,False,23.7,2023-06-25
ORD_0621,Mechanical,CustomerC,Medium,713,68.5,Summer,7,1.2,82.4,1,False,37.6,2023-02-05
ORD_0622,Food,CustomerB,Low,980,31.5,Spring,4,3.91,75.9,3,True,9.8,2023-09-10
ORD_0623,Food,CustomerD,High,162,35.8,Summer,5,3.82,73.5,3,False,8.7,2023-07-25
ORD_0624,Textile,CustomerF,Urgent,131,44.6,Spring,6,3.81,94.4,2,False,7.6,2023-10-07
ORD_0625,Textile,CustomerB,Urgent,886,43.4,Spring,7,3.04,75.7,1,False,15.7,2023-02-01
ORD_0626,Electronics,CustomerC,High,251,70.1,Spring,8,2.54,89.4,1,True,17.7,2023-09-26
ORD_0627,Chemical,CustomerF,Urgent,713,43.8,Fall,9,3.08,77.7,1,True,10.8,2023-08-02
ORD_0628,Mechanical,CustomerD,High,630,91.1,Winter,3,1.39,88.6,2,False,18.3,2023-11-25
ORD_0629,Mechanical,CustomerE,Low,604,41.7,Spring,11,2.22,80.2,2,True,16.7,2023-07-22
ORD_0630,Food,CustomerD,Medium,276,37.6,Winter,5,2.25,99.2,2,False,15.9,2023-12-22
ORD_0631,Chemical,CustomerC,High,539,50.3,Spring,8,3.08,84.7,1,False,20.3,2023-03-21
ORD_0632,Mechanical,CustomerA,Medium,197,32.3,Summer,5,2.97,83.1,2,True,12.1,2023-10-08
ORD_0633,Food,CustomerD,Urgent,514,37.3,Spring,4,1.72,76.1,2,True,6.2,2023-02-15
ORD_0634,Food,CustomerC,Medium,607,94.9,Winter,11,3.18,75.4,1,True,31.9,2023-04-17
ORD_0635,Electronics,CustomerC,Low,301,74.3,Winter,9,1.81,97.9,1,False,33.1,2023-08-18
ORD_0636,Electronics,CustomerD,Urgent,474,70.8,Summer,12,2.8,79.9,1,False,17.4,2023-03-23
ORD_0637,Food,CustomerB,Medium,893,33.2,Summer,8,3.29,92.3,3,False,12.2,2023-03-01
ORD_0638,Chemical,CustomerB,Medium,998,80.1,Fall,4,0.57,76.2,2,False,21.9,2023-05-14
ORD_0639,Mechanical,CustomerA,High,512,82.1,Summer,12,0.96,90.0,2,True,16.1,2023-04-27
ORD_0640,Textile,CustomerD,High,586,69.0,Winter,9,3.34,88.4,2,False,14.9,2023-05-03
ORD_0641,Food,CustomerC,Urgent,702,44.6,Spring,10,2.35,89.4,1,False,13.3,2023-01-29
ORD_0642,Electronics,CustomerD,High,162,94.0,Summer,6,2.33,78.9,1,True,23.1,2023-11-27
ORD_0643,Food,CustomerA,Urgent,432,36.1,Summer,8,1.39,72.5,3,True,4.1,2023-12-16
ORD_0644,Textile,CustomerB,Medium,873,55.5,Winter,9,3.57,78.9,3,False,18.7,2023-10-13
ORD_0645,Textile,CustomerE,High,359,92.8,Spring,6,1.15,92.4,3,False,11.7,2023-01-13
ORD_0646,Electronics,CustomerD,Low,15,55.7,Winter,5,2.8,83.8,2,False,18.8,2023-01-27
ORD_0647,Food,CustomerC,Urgent,833,49.7,Spring,5,0.55,73.4,1,True,11.1,2023-11-26
ORD_0648,Mechanical,CustomerD,Medium,675,45.7,Spring,4,1.55,83.9,2,False,14.0,2023-12-24
ORD_0649,Mechanical,CustomerB,Urgent,996,61.5,Winter,10,2.55,76.0,3,False,7.9,2023-04-26
ORD_0650,Electronics,CustomerA,Urgent,435,85.2,Summer,3,2.21,84.6,3,False,6.7,2023-09-03
ORD_0651,Electronics,CustomerE,Low,442,67.5,Winter,7,3.63,82.5,2,True,21.8,2023-01-22
ORD_0652,Chemical,CustomerD,Urgent,31,40.5,Spring,10,1.7,77.0,1,False,15.1,2023-01-22
ORD_0653,Textile,CustomerB,High,750,76.2,Fall,8,3.29,94.0,1,True,17.7,2023-04-23
ORD_0654,Electronics,CustomerF,Urgent,142,41.3,Spring,12,2.22,93.8,2,False,8.4,2023-04-30
ORD_0655,Food,CustomerA,Low,377,87.3,Summer,5,1.11,95.8,3,True,13.7,2023-03-20
ORD_0656,Chemical,CustomerD,Low,642,44.7,Spring,10,1.4,80.2,2,True,24.0,2023-03-12
ORD_0657,Food,CustomerC,Medium,883,74.9,Winter,3,3.74,83.1,2,True,19.9,2023-09-14
ORD_0658,Food,CustomerE,Low,853,66.6,Winter,5,2.7,96.1,2,True,21.5,2023-06-13
ORD_0659,Textile,CustomerE,Urgent,760,86.6,Spring,8,1.67,74.1,1,False,18.6,2023-06-15
ORD_0660,Electronics,CustomerB,Urgent,359,48.6,Spring,4,1.43,91.5,2,False,8.5,2023-07-18
ORD_0661,Mechanical,CustomerB,Urgent,816,44.8,Fall,9,3.71,96.9,3,False,9.1,2023-11-21
ORD_0662,Textile,CustomerB,Low,744,82.4,Winter,4,1.68,82.0,1,False,29.7,2023-12-10
ORD_0663,Electronics,CustomerF,Medium,934,67.3,Summer,9,1.91,90.4,3,False,21.0,2023-07-22
ORD_0664,Chemical,CustomerC,Low,856,48.2,Spring,9,2.06,76.2,3,False,22.2,2023-01-10
ORD_0665,Textile,CustomerB,High,96,32.4,Summer,9,3.04,92.2,1,False,15.7,2023-09-19
ORD_0666,Food,CustomerE,High,543,52.1,Spring,3,0.6,93.9,3,False,7.0,2023-05-29
ORD_0667,Chemical,CustomerF,Urgent,527,37.2,Winter,8,1.41,85.2,1,True,13.8,2023-09-10
ORD_0668,Electronics,CustomerD,High,596,77.9,Fall,8,3.94,94.2,3,True,9.9,2023-01-13
ORD_0669,Chemical,CustomerF,Medium,741,54.5,Spring,4,1.65,87.5,2,False,17.2,2023-12-09
ORD_0670,Textile,CustomerD,Low,104,34.0,Spring,10,1.25,72.3,3,False,13.0,2024-01-01
ORD_0671,Food,CustomerD,High,608,62.4,Fall,10,2.91,98.4,3,False,12.6,2023-12-23
ORD_0672,Mechanical,CustomerE,Medium,506,76.2,Spring,11,3.52,73.5,1,False,32.7,2023-08-01
ORD_0673,Mechanical,CustomerE,High,953,91.9,Fall,4,0.92,87.2,1,True,17.2,2023-10-09
ORD_0674,Chemical,CustomerC,High,311,61.6,Spring,5,3.24,82.7,2,False,13.6,2023-02-04
ORD_0675,Textile,CustomerA,Low,570,52.7,Winter,9,2.18,79.3,2,False,27.6,2023-01-21
ORD_0676,Textile,CustomerF,Medium,790,39.0,Fall,10,2.84,74.5,3,False,12.1,2023-04-13
ORD_0677,Food,CustomerF,Urgent,406,45.1,Fall,8,2.39,98.7,2,False,8.2,2023-10-29
ORD_0678,Mechanical,CustomerF,Low,595,71.0,Summer,11,2.76,89.3,1,True,40.6,2023-01-19
ORD_0679,Food,CustomerE,Low,990,67.1,Spring,10,2.26,70.6,3,True,18.6,2023-04-17
ORD_0680,Chemical,CustomerB,Medium,859,75.9,Fall,4,3.32,88.2,2,True,18.6,2023-04-28
ORD_0681,Electronics,CustomerC,Urgent,194,57.0,Summer,9,1.4,73.4,1,True,10.8,2023-10-26
ORD_0682,Mechanical,CustomerC,Low,167,49.9,Fall,5,0.71,98.8,1,True,20.9,2023-09-09
ORD_0683,Chemical,CustomerD,Low,337,39.3,Summer,7,1.81,94.8,1,True,24.2,2023-01-04
ORD_0684,Food,CustomerE,Medium,514,63.1,Fall,4,1.44,79.6,3,False,9.1,2023-06-28
ORD_0685,Electronics,CustomerD,Medium,945,87.6,Summer,11,3.87,90.3,1,True,32.2,2023-12-26
ORD_0686,Textile,CustomerD,Low,876,71.3,Spring,5,1.81,99.6,1,False,39.5,2023-02-11
ORD_0687,Food,CustomerD,Low,11,82.8,Summer,5,0.5,98.0,2,False,18.0,2023-10-25
ORD_0688,Textile,CustomerC,Medium,609,84.6,Summer,3,1.06,86.0,1,False,22.9,2023-07-08
ORD_0689,Electronics,CustomerB,High,909,58.1,Summer,8,2.72,99.4,3,False,13.3,2023-09-18
ORD_0690,Chemical,CustomerC,Medium,480,92.3,Summer,3,3.7,74.0,1,False,27.4,2023-03-26
ORD_0691,Electronics,CustomerF,Medium,433,66.1,Fall,9,2.38,93.6,3,True,12.2,2023-07-23
ORD_0692,Textile,CustomerF,Low,371,93.2,Fall,12,1.75,75.3,3,True,12.7,2023-04-19
ORD_0693,Chemical,CustomerB,Urgent,19,44.4,Winter,7,2.88,91.3,1,True,11.9,2023-03-19
ORD_0694,Chemical,CustomerF,Medium,249,93.7,Summer,3,1.48,97.1,3,True,9.6,2023-10-02
ORD_0695,Textile,CustomerA,High,592,62.5,Spring,11,1.18,92.2,3,True,7.6,2023-01-04
ORD_0696,Mechanical,CustomerF,Low,140,46.9,Spring,11,3.05,78.2,3,True,15.0,2023-11-18
ORD_0697,Food,CustomerE,High,707,66.4,Fall,3,3.78,89.2,3,True,8.9,2023-11-15
ORD_0698,Chemical,CustomerD,Urgent,290,37.9,Fall,10,1.77,92.8,3,True,4.6,2023-05-25
ORD_0699,Textile,CustomerE,Urgent,333,30.3,Spring,8,0.79,87.2,1,True,9.8,2023-05-17
ORD_0700,Textile,CustomerA,Medium,211,40.7,Summer,4,2.69,72.9,2,False,16.0,2023-10-12
ORD_0701,Food,CustomerF,High,870,46.3,Winter,10,1.33,80.2,1,False,25.4,2023-07-11
ORD_0702,Mechanical,CustomerA,Urgent,792,36.2,Fall,12,0.94,99.2,1,False,14.2,2023-09-19
ORD_0703,Electronics,CustomerB,Low,951,82.2,Winter,7,2.64,83.0,1,True,38.5,2023-07-18
ORD_0704,Chemical,CustomerD,Urgent,108,70.1,Fall,6,3.53,93.6,3,True,5.3,2023-03-23
ORD_0705,Textile,CustomerD,Low,357,72.3,Winter,10,2.31,87.6,1,True,23.2,2023-04-14
ORD_0706,Electronics,CustomerE,Medium,936,67.3,Summer,8,1.97,91.7,2,True,18.9,2023-11-08
ORD_0707,Electronics,CustomerA,Medium,329,68.0,Summer,7,2.54,86.2,1,True,24.2,2023-05-12
ORD_0708,Food,CustomerC,High,387,93.1,Spring,3,1.33,94.6,3,True,6.9,2023-06-21
ORD_0709,Mechanical,CustomerB,Medium,814,34.4,Spring,10,2.93,99.5,3,False,17.2,2023-04-11
ORD_0710,Food,CustomerC,High,438,51.4,Winter,10,3.57,97.3,2,True,14.6,2023-06-17
ORD_0711,Mechanical,CustomerF,Medium,487,70.6,Spring,10,3.07,98.6,2,False,18.8,2023-05-14
ORD_0712,Mechanical,CustomerA,High,20,34.8,Winter,11,0.9,78.7,1,False,16.2,2023-07-21
ORD_0713,Electronics,CustomerB,Medium,300,41.3,Summer,5,1.69,86.6,1,True,16.3,2023-03-03
ORD_0714,Chemical,CustomerA,Low,861,74.0,Fall,4,1.68,76.3,2,True,20.9,2023-11-30
ORD_0715,Chemical,CustomerF,Medium,973,64.3,Fall,4,0.91,96.5,1,True,22.4,2023-05-27
ORD_0716,Textile,CustomerF,High,335,69.0,Spring,3,3.17,87.6,3,False,9.6,2023-08-20
ORD_0717,Chemical,CustomerB,Low,654,81.7,Spring,11,3.89,96.6,1,True,40.2,2023-01-15
ORD_0718,Food,CustomerA,Medium,530,55.2,Summer,10,2.32,75.4,3,False,14.8,2023-08-17
ORD_0719,Textile,CustomerF,Urgent,495,47.4,Fall,12,2.77,76.2,1,False,16.3,2023-11-05
ORD_0720,Textile,CustomerB,High,445,87.8,Spring,8,1.39,72.5,1,False,22.0,2023-11-30
ORD_0721,Chemical,CustomerB,Low,486,63.3,Summer,9,2.08,83.0,2,False,27.4,2023-12-10
ORD_0722,Textile,CustomerA,Medium,462,45.2,Winter,8,3.66,78.8,3,True,12.3,2023-09-20
ORD_0723,Mechanical,CustomerA,Low,83,53.4,Spring,8,1.19,79.9,2,False,16.8,2023-07-27
ORD_0724,Food,CustomerB,High,18,80.1,Summer,8,3.24,82.1,2,True,11.1,2023-04-15
ORD_0725,Food,CustomerB,Urgent,243,44.8,Spring,10,1.32,87.6,3,False,6.0,2023-04-05
ORD_0726,Textile,CustomerC,Low,330,85.0,Fall,9,1.23,83.5,3,True,12.4,2023-02-27
ORD_0727,Food,CustomerB,High,975,78.0,Fall,8,1.69,82.6,3,False,13.8,2023-01-22
ORD_0728,Food,CustomerC,High,611,31.5,Winter,5,1.04,98.6,2,False,14.6,2023-07-18
ORD_0729,Mechanical,CustomerD,Low,557,55.1,Fall,4,1.65,98.9,3,False,12.1,2023-02-24
ORD_0730,Electronics,CustomerF,Medium,42,83.7,Fall,3,1.15,72.1,2,False,14.3,2023-04-16
ORD_0731,Chemical,CustomerF,Low,475,33.7,Winter,5,1.64,97.3,2,True,22.1,2023-04-13
ORD_0732,Mechanical,CustomerE,Urgent,499,78.3,Fall,6,0.95,76.2,2,False,8.4,2023-10-19
ORD_0733,Food,CustomerC,Medium,524,76.6,Fall,7,1.21,99.7,2,True,15.9,2023-06-02
ORD_0734,Food,CustomerB,High,942,67.0,Fall,10,2.12,71.2,1,False,27.1,2023-12-20
ORD_0735,Textile,CustomerC,High,410,69.8,Spring,9,1.37,97.0,3,False,10.2,2023-12-12
ORD_0736,Mechanical,CustomerF,Low,412,75.4,Winter,6,3.6,74.7,3,False,19.7,2023-04-20
ORD_0737,Electronics,CustomerF,Medium,940,62.1,Winter,8,0.77,73.2,2,False,25.4,2023-10-31
ORD_0738,Chemical,CustomerB,Low,483,31.7,Fall,9,1.7,82.0,1,False,28.0,2023-06-05
ORD_0739,Chemical,CustomerA,Medium,344,73.6,Fall,10,2.11,72.5,3,True,14.2,2023-07-04
ORD_0740,Textile,CustomerB,Urgent,850,48.1,Spring,5,3.43,88.2,1,False,11.2,2023-08-26
ORD_0741,Textile,CustomerB,Low,697,79.6,Summer,5,2.04,75.3,3,True,16.9,2023-01-28
ORD_0742,Food,CustomerB,Urgent,723,33.1,Winter,9,2.92,83.3,3,True,4.6,2023-11-28
ORD_0743,Textile,CustomerB,Medium,393,89.1,Spring,4,0.56,70.8,1,False,27.3,2023-11-17
ORD_0744,Electronics,CustomerB,Low,826,84.3,Spring,5,0.65,85.4,2,False,27.5,2023-04-28
ORD_0745,Mechanical,CustomerE,Medium,966,65.2,Fall,4,1.31,73.2,2,True,13.5,2023-10-18
ORD_0746,Chemical,CustomerA,Urgent,227,59.8,Winter,7,2.77,81.1,1,True,11.8,2023-05-10
ORD_0747,Food,CustomerD,Low,739,64.9,Spring,7,3.86,88.0,3,False,17.8,2023-04-22
ORD_0748,Mechanical,CustomerC,Medium,660,79.5,Summer,10,0.74,70.5,3,False,17.2,2023-09-19
ORD_0749,Mechanical,CustomerE,Low,248,31.4,Winter,7,1.33,82.9,1,True,18.6,2023-01-13
ORD_0750,Chemical,CustomerD,High,216,39.9,Spring,3,1.33,91.8,2,False,10.3,2023-06-08
ORD_0751,Chemical,CustomerF,Low,543,81.5,Fall,7,3.13,76.9,3,False,18.8,2023-01-07
ORD_0752,Mechanical,CustomerE,Low,938,89.6,Spring,6,2.63,81.4,2,True,22.3,2023-04-21
ORD_0753,Electronics,CustomerA,Urgent,81,92.0,Winter,5,3.78,73.8,1,True,10.7,2023-04-03
ORD_0754,Electronics,CustomerD,Urgent,328,40.7,Spring,6,1.98,88.2,2,False,8.7,2023-06-20
ORD_0755,Mechanical,CustomerC,Urgent,91,91.8,Summer,9,1.82,84.1,2,False,11.8,2023-04-16
ORD_0756,Textile,CustomerA,Urgent,447,85.5,Summer,12,2.38,86.6,1,False,16.3,2023-09-13
ORD_0757,Chemical,CustomerD,High,394,66.5,Fall,4,1.67,91.4,1,True,20.1,2023-07-18
ORD_0758,Electronics,CustomerA,High,513,56.3,Fall,9,3.9,81.2,2,False,18.3,2023-06-17
ORD_0759,Food,CustomerA,Urgent,916,32.5,Winter,9,3.76,74.9,2,False,12.1,2023-08-23
ORD_0760,Chemical,CustomerE,Urgent,660,74.8,Winter,9,3.74,92.1,1,False,15.8,2023-07-20
ORD_0761,Chemical,CustomerF,Low,724,73.3,Spring,7,2.62,98.3,1,False,36.2,2023-11-05
ORD_0762,Food,CustomerF,Medium,22,37.6,Winter,9,1.89,87.6,1,True,18.7,2023-03-26
ORD_0763,Mechanical,CustomerD,High,718,49.6,Fall,12,1.58,82.3,3,True,8.7,2023-09-09
ORD_0764,Food,CustomerC,Medium,285,78.7,Fall,7,0.52,75.1,2,True,11.0,2023-09-03
ORD_0765,Textile,CustomerE,Urgent,680,48.7,Fall,5,1.12,75.6,1,True,9.5,2023-10-15
ORD_0766,Food,CustomerA,Urgent,590,82.9,Spring,6,0.71,75.5,1,False,15.6,2023-11-02
ORD_0767,Textile,CustomerD,Low,899,71.4,Winter,7,0.8,73.7,1,False,32.1,2023-05-27
ORD_0768,Mechanical,CustomerD,Urgent,698,79.4,Winter,3,1.43,98.7,3,True,5.0,2023-12-08
ORD_0769,Food,CustomerA,Urgent,627,63.8,Summer,10,2.16,80.1,2,False,10.3,2023-05-08
ORD_0770,Chemical,CustomerC,Medium,973,53.5,Fall,9,2.64,99.3,2,True,16.0,2023-02-09
ORD_0771,Textile,CustomerF,Medium,36,69.1,Summer,6,1.79,88.6,3,False,11.2,2023-11-12
ORD_0772,Mechanical,CustomerA,High,27,71.2,Winter,8,2.87,77.0,2,False,16.8,2023-02-24
ORD_0773,Electronics,CustomerC,Urgent,971,90.5,Fall,4,3.07,78.8,1,True,15.9,2023-01-01
ORD_0774,Food,CustomerF,Low,140,62.4,Winter,7,3.41,99.9,2,True,17.9,2023-01-16
ORD_0775,Electronics,CustomerD,Medium,259,43.8,Winter,4,2.02,91.5,1,False,28.0,2023-11-14
ORD_0776,Chemical,CustomerB,High,691,61.0,Winter,5,3.73,89.0,2,True,17.2,2023-01-26
ORD_0777,Chemical,CustomerB,Low,669,52.3,Fall,11,3.88,83.1,1,True,30.5,2023-01-06
ORD_0778,Chemical,CustomerA,Low,101,52.1,Spring,4,2.5,73.8,2,False,20.3,2023-05-21
ORD_0779,Electronics,CustomerC,Low,614,64.8,Fall,9,1.62,81.0,3,True,15.3,2023-01-01
ORD_0780,Food,CustomerE,Medium,119,55.7,Fall,8,1.01,98.3,1,False,21.1,2023-06-05
ORD_0781,Mechanical,CustomerE,High,159,78.6,Winter,12,1.62,85.1,3,True,9.4,2023-08-16
ORD_0782,Food,CustomerD,Medium,516,48.9,Fall,3,3.93,80.0,3,True,9.6,2023-07-15
ORD_0783,Mechanical,CustomerF,Low,955,86.3,Spring,10,3.05,79.0,3,True,21.4,2023-10-18
ORD_0784,Food,CustomerD,High,442,74.1,Summer,9,1.87,85.8,2,False,17.5,2023-03-23
ORD_0785,Mechanical,CustomerF,Urgent,109,38.5,Winter,7,2.1,74.9,1,False,12.7,2023-02-19
ORD_0786,Chemical,CustomerB,Medium,233,82.3,Spring,3,1.77,95.7,1,True,19.8,2023-01-28
ORD_0787,Textile,CustomerF,Medium,958,33.7,Summer,10,1.13,71.6,3,False,16.8,2023-07-08
ORD_0788,Mechanical,CustomerF,Urgent,260,32.2,Spring,9,2.21,90.6,1,False,13.0,2023-04-21
ORD_0789,Electronics,CustomerD,Urgent,291,71.1,Fall,8,0.54,73.5,1,False,14.8,2023-11-27
ORD_0790,Food,CustomerB,Low,610,67.2,Fall,7,2.93,72.8,3,True,12.2,2023-04-08
ORD_0791,Textile,CustomerC,Medium,111,51.1,Spring,9,3.35,70.6,3,False,9.5,2023-08-05
ORD_0792,Food,CustomerE,Low,781,78.9,Winter,5,3.52,90.9,1,False,41.0,2023-07-10
ORD_0793,Electronics,CustomerA,Medium,598,43.4,Spring,4,2.47,95.5,1,True,24.2,2023-02-08
ORD_0794,Food,CustomerC,High,999,65.4,Fall,3,1.37,71.4,3,False,11.3,2023-05-24
ORD_0795,Textile,CustomerB,Urgent,721,50.3,Summer,12,2.38,76.3,1,True,12.1,2023-08-02
ORD_0796,Mechanical,CustomerB,High,886,84.1,Spring,12,2.43,87.8,2,True,18.3,2023-12-01
ORD_0797,Textile,CustomerA,High,276,54.8,Spring,9,2.1,98.3,3,False,11.1,2023-01-12
ORD_0798,Mechanical,CustomerE,Medium,82,70.9,Summer,6,3.0,86.9,3,True,10.1,2023-06-02
ORD_0799,Mechanical,CustomerC,Urgent,398,31.7,Spring,4,1.45,85.9,3,False,4.2,2023-01-18
ORD_0800,Electronics,CustomerC,High,806,47.8,Spring,7,0.53,81.3,1,False,28.1,2023-03-03
ORD_0801,Electronics,CustomerB,High,612,83.4,Fall,4,2.35,91.0,2,False,17.3,2023-06-04
ORD_0802,Electronics,CustomerB,High,979,78.9,Spring,8,3.32,90.3,3,False,14.5,2023-03-14
ORD_0803,Mechanical,CustomerC,Low,713,63.4,Spring,5,1.0,87.0,2,True,21.5,2023-05-15
ORD_0804,Chemical,CustomerF,Medium,704,69.6,Fall,5,2.04,80.6,2,False,20.1,2023-08-22
ORD_0805,Textile,CustomerE,Medium,322,71.3,Winter,7,1.92,79.4,1,True,17.9,2023-04-15
ORD_0806,Mechanical,CustomerA,Medium,599,33.7,Summer,11,3.75,94.3,1,False,34.4,2023-03-03
ORD_0807,Mechanical,CustomerD,Urgent,537,74.5,Winter,9,0.55,75.7,3,True,7.2,2023-11-22
ORD_0808,Food,CustomerF,High,260,94.6,Winter,12,2.07,75.1,3,True,9.0,2023-12-16
ORD_0809,Chemical,CustomerB,High,985,33.3,Fall,9,1.1,99.1,2,True,16.7,2023-01-16
ORD_0810,Electronics,CustomerC,High,504,49.1,Spring,3,3.08,87.1,1,False,23.2,2023-09-01
ORD_0811,Food,CustomerA,Urgent,923,70.2,Fall,3,1.75,88.5,2,False,8.5,2023-03-31
ORD_0812,Electronics,CustomerC,Medium,421,53.0,Winter,9,2.22,72.5,3,True,12.4,2023-01-08
ORD_0813,Textile,CustomerA,Medium,797,72.7,Spring,10,1.88,79.0,2,True,18.1,2023-02-27
ORD_0814,Chemical,CustomerA,Urgent,682,84.6,Spring,5,1.74,83.0,2,True,7.7,2023-02-14
ORD_0815,Chemical,CustomerA,Medium,414,57.4,Summer,3,1.06,76.0,2,False,16.7,2023-05-01
ORD_0816,Textile,CustomerE,Urgent,829,74.3,Spring,8,3.13,93.4,2,False,9.2,2023-08-22
ORD_0817,Electronics,CustomerA,Medium,169,52.4,Winter,6,0.68,94.9,2,True,13.6,2023-10-24
ORD_0818,Chemical,CustomerC,Urgent,94,79.5,Spring,12,1.03,85.3,1,False,17.4,2023-12-22
ORD_0819,Chemical,CustomerF,Medium,692,83.3,Spring,10,2.97,94.3,3,True,12.9,2023-10-13
ORD_0820,Food,CustomerF,Medium,244,37.8,Fall,3,1.46,75.8,1,False,13.0,2023-05-20
ORD_0821,Mechanical,CustomerA,Low,399,56.5,Summer,6,1.28,82.8,1,False,34.3,2023-05-19
ORD_0822,Chemical,CustomerA,High,382,48.2,Summer,9,1.36,96.9,1,True,16.1,2023-01-12
ORD_0823,Chemical,CustomerB,High,493,48.2,Winter,9,1.15,98.4,2,False,16.8,2023-12-26
ORD_0824,Electronics,CustomerF,Low,709,65.9,Spring,8,1.76,94.3,3,False,17.0,2023-10-16
ORD_0825,Chemical,CustomerB,Urgent,99,87.7,Spring,12,0.92,87.6,3,True,5.6,2023-09-03
ORD_0826,Textile,CustomerA,Low,974,65.5,Summer,7,3.04,99.7,1,True,26.3,2023-02-02
ORD_0827,Mechanical,CustomerD,High,922,87.0,Summer,8,2.07,91.5,2,True,16.9,2023-12-21
ORD_0828,Food,CustomerE,Low,180,68.9,Spring,7,0.66,87.0,3,True,11.1,2023-03-20
ORD_0829,Textile,CustomerD,Low,179,58.5,Fall,11,3.23,82.0,2,True,15.0,2023-04-21
ORD_0830,Mechanical,CustomerE,Medium,616,75.3,Fall,11,2.98,85.8,2,True,17.2,2023-02-03
ORD_0831,Chemical,CustomerE,Low,185,44.6,Spring,7,0.64,74.4,2,True,15.3,2023-07-23
ORD_0832,Electronics,CustomerF,Medium,853,43.6,Winter,3,2.77,89.0,2,False,17.7,2023-12-14
ORD_0833,Food,CustomerC,Medium,428,88.4,Summer,8,3.95,88.8,1,False,27.2,2023-07-13
ORD_0834,Chemical,CustomerB,High,26,64.9,Winter,9,3.81,77.7,3,True,11.3,2023-01-16
ORD_0835,Mechanical,CustomerC,High,218,67.8,Fall,5,2.06,91.9,2,False,11.2,2023-01-20
ORD_0836,Textile,CustomerA,Urgent,195,59.9,Spring,6,2.49,98.3,1,False,8.5,2023-09-12
ORD_0837,Mechanical,CustomerB,Urgent,713,69.5,Winter,5,0.75,77.4,3,False,6.5,2023-08-10
ORD_0838,Food,CustomerB,Low,627,36.5,Fall,3,0.89,70.4,3,True,8.0,2023-08-27
ORD_0839,Electronics,CustomerC,Medium,971,70.8,Winter,3,3.85,73.2,3,False,20.3,2023-07-31
ORD_0840,Electronics,CustomerB,Medium,501,79.4,Fall,5,1.58,84.4,1,True,23.4,2023-03-31
ORD_0841,Chemical,CustomerF,Low,31,83.6,Winter,11,1.54,85.3,2,True,18.2,2023-01-07
ORD_0842,Mechanical,CustomerA,Medium,447,55.0,Summer,7,1.29,96.4,2,True,15.6,2023-10-23
ORD_0843,Electronics,CustomerB,Low,989,92.1,Summer,4,2.65,73.6,1,True,38.4,2023-01-23
ORD_0844,Mechanical,CustomerD,High,624,41.8,Fall,5,3.63,90.6,3,False,9.6,2023-12-03
ORD_0845,Electronics,CustomerC,Urgent,687,54.0,Summer,4,3.26,95.9,1,True,11.3,2023-02-02
ORD_0846,Textile,CustomerD,Urgent,844,34.4,Fall,7,1.01,79.7,1,True,11.3,2023-05-24
ORD_0847,Chemical,CustomerC,Urgent,444,61.3,Fall,12,3.28,80.0,3,True,6.6,2023-12-30
ORD_0848,Food,CustomerD,Urgent,555,64.9,Spring,9,0.79,91.4,3,True,5.6,2023-05-25
ORD_0849,Mechanical,CustomerC,Low,218,94.6,Winter,8,2.45,98.7,1,True,34.8,2023-09-03
ORD_0850,Chemical,CustomerB,High,481,39.4,Fall,6,1.24,76.7,3,True,7.3,2023-04-14
ORD_0851,Mechanical,CustomerD,Low,722,92.7,Summer,3,2.95,89.9,1,False,44.5,2023-05-17
ORD_0852,Mechanical,CustomerA,Medium,384,39.2,Spring,4,0.54,94.9,2,True,12.6,2023-01-13
ORD_0853,Textile,CustomerF,Medium,776,64.3,Summer,10,1.94,80.1,3,True,12.4,2023-12-10
ORD_0854,Mechanical,CustomerA,Low,628,78.8,Spring,3,1.89,82.7,2,False,26.5,2023-05-20
ORD_0855,Food,CustomerC,Medium,443,90.5,Summer,4,2.33,99.3,1,True,20.2,2023-04-07
ORD_0856,Electronics,CustomerB,Urgent,198,83.5,Winter,10,2.17,89.6,2,False,10.1,2023-05-01
ORD_0857,Chemical,CustomerF,Urgent,209,47.5,Winter,4,1.77,93.4,2,True,6.4,2023-12-20
ORD_0858,Mechanical,CustomerE,Low,76,43.8,Winter,7,1.16,76.1,1,True,20.2,2023-08-18
ORD_0859,Food,CustomerE,Low,587,94.1,Fall,3,0.67,72.8,2,True,19.9,2023-01-01
ORD_0860,Chemical,CustomerD,Medium,332,78.9,Summer,5,2.96,72.9,2,True,18.2,2023-11-29
ORD_0861,Mechanical,CustomerA,Urgent,498,68.1,Winter,7,1.06,90.5,1,True,14.1,2023-01-23
ORD_0862,Mechanical,CustomerB,Medium,797,76.7,Summer,10,3.25,80.2,2,False,21.9,2023-10-16
ORD_0863,Textile,CustomerB,Medium,635,69.4,Spring,12,2.7,84.9,1,True,28.1,2023-08-11
ORD_0864,Chemical,CustomerE,Low,520,36.1,Summer,5,3.77,74.8,2,False,23.9,2023-10-14
ORD_0865,Electronics,CustomerB,Urgent,274,94.1,Summer,10,2.78,74.2,1,False,14.7,2023-12-26
ORD_0866,Chemical,CustomerD,Urgent,887,70.3,Spring,10,1.78,95.3,2,False,10.8,2023-09-08
ORD_0867,Textile,CustomerE,Urgent,279,87.0,Winter,12,3.92,71.7,1,True,11.7,2023-04-29
ORD_0868,Electronics,CustomerC,Urgent,172,67.1,Winter,6,1.86,83.9,1,False,13.6,2023-01-25
ORD_0869,Food,CustomerD,Low,97,41.7,Winter,9,3.19,76.0,2,True,14.2,2023-05-27
ORD_0870,Food,CustomerD,Medium,729,78.2,Winter,7,2.09,86.4,2,True,18.3,2023-07-06
ORD_0871,Chemical,CustomerE,Low,625,80.3,Winter,8,3.26,99.4,1,True,32.1,2023-02-15
ORD_0872,Electronics,CustomerF,Urgent,286,46.4,Spring,4,1.0,78.2,1,False,12.8,2023-11-03
ORD_0873,Textile,CustomerD,Medium,695,88.0,Spring,3,0.82,97.0,2,False,15.5,2023-07-08
ORD_0874,Chemical,CustomerD,Urgent,496,64.8,Spring,9,1.74,90.8,2,True,9.1,2023-08-22
ORD_0875,Food,CustomerB,Low,750,73.4,Spring,8,2.82,94.7,3,False,13.9,2023-08-30
ORD_0876,Textile,CustomerB,Urgent,895,50.6,Fall,7,2.32,70.1,2,True,8.5,2023-10-06
ORD_0877,Food,CustomerA,Low,233,78.5,Spring,9,2.94,93.2,3,False,13.3,2023-03-25
ORD_0878,Mechanical,CustomerB,Low,389,82.9,Winter,7,3.64,85.1,1,False,40.6,2023-07-11
ORD_0879,Textile,CustomerD,Urgent,370,52.9,Fall,11,3.91,80.1,1,False,13.3,2023-12-04
ORD_0880,Mechanical,CustomerE,Medium,565,58.3,Summer,9,2.72,91.1,1,True,29.0,2023-07-10
ORD_0881,Electronics,CustomerA,Low,641,90.6,Winter,10,3.12,88.7,3,True,20.0,2023-10-10
ORD_0882,Food,CustomerE,Low,693,48.8,Fall,6,1.28,83.6,2,True,14.0,2023-10-04
ORD_0883,Textile,CustomerA,High,1000,81.6,Fall,9,3.68,89.3,3,False,11.1,2023-03-16
ORD_0884,Chemical,CustomerB,High,284,87.2,Summer,7,3.43,93.9,2,True,12.3,2023-06-14
ORD_0885,Textile,CustomerA,Low,36,40.0,Summer,11,3.37,88.0,2,True,19.4,2023-11-24
ORD_0886,Textile,CustomerB,Urgent,207,70.1,Fall,3,3.3,87.3,1,False,12.2,2023-06-27
ORD_0887,Mechanical,CustomerD,High,539,40.3,Spring,4,2.99,73.8,1,False,21.7,2023-07-28
ORD_0888,Chemical,CustomerE,Medium,981,51.0,Winter,4,0.59,70.3,3,True,11.2,2023-03-31
ORD_0889,Food,CustomerA,Urgent,35,78.3,Spring,10,2.72,93.3,1,True,10.1,2023-10-25
ORD_0890,Mechanical,CustomerC,Medium,558,84.6,Fall,7,2.81,78.2,1,True,25.9,2023-07-25
ORD_0891,Food,CustomerA,Low,480,90.3,Winter,4,1.0,77.9,1,True,21.2,2023-07-10
ORD_0892,Chemical,CustomerB,Urgent,113,61.9,Winter,9,0.76,98.8,1,True,12.7,2023-08-28
ORD_0893,Textile,CustomerC,Urgent,837,40.5,Summer,3,3.66,89.8,3,True,4.5,2023-06-27
ORD_0894,Chemical,CustomerC,Urgent,638,69.0,Winter,5,2.33,77.6,1,True,14.3,2023-05-30
ORD_0895,Food,CustomerA,Medium,231,86.3,Winter,6,0.6,74.2,1,True,18.2,2023-03-17
ORD_0896,Textile,CustomerB,Low,366,76.0,Summer,10,3.11,84.9,3,False,21.8,2023-12-11
ORD_0897,Chemical,CustomerB,Medium,713,85.0,Summer,9,0.86,93.8,3,False,16.9,2023-09-11
ORD_0898,Mechanical,CustomerF,Urgent,453,87.4,Fall,12,3.11,94.5,3,True,7.0,2023-12-12
ORD_0899,Textile,CustomerB,High,392,88.4,Winter,10,1.09,71.0,3,False,13.3,2023-10-05
ORD_0900,Chemical,CustomerE,High,417,31.9,Spring,8,2.0,75.6,1,True,15.6,2023-07-28
ORD_0901,Chemical,CustomerC,Medium,808,50.4,Winter,8,2.91,91.5,1,False,37.5,2023-07-04
ORD_0902,Chemical,CustomerB,Low,404,48.4,Spring,11,1.26,86.8,3,True,15.2,2023-08-10
ORD_0903,Textile,CustomerF,Urgent,335,82.9,Spring,6,0.67,84.8,1,False,11.7,2023-02-14
ORD_0904,Electronics,CustomerD,Medium,625,51.2,Fall,6,2.52,78.6,3,True,13.3,2023-11-05
ORD_0905,Chemical,CustomerB,Urgent,47,88.2,Winter,8,2.76,72.1,1,False,17.9,2023-05-10
ORD_0906,Chemical,CustomerC,High,419,35.2,Summer,10,2.64,81.8,3,False,13.0,2023-03-12
ORD_0907,Electronics,CustomerC,Low,39,44.6,Winter,5,0.87,79.7,3,False,12.0,2023-06-20
ORD_0908,Electronics,CustomerB,High,845,88.7,Winter,3,1.41,93.5,1,True,25.8,2023-07-03
ORD_0909,Electronics,CustomerC,High,714,69.8,Fall,7,2.95,97.7,3,False,10.8,2023-11-27
ORD_0910,Chemical,CustomerB,Urgent,662,59.0,Winter,11,2.35,87.3,3,False,11.4,2023-08-27
ORD_0911,Chemical,CustomerF,Urgent,241,36.0,Summer,4,1.74,95.1,1,True,10.5,2023-08-19
ORD_0912,Electronics,CustomerD,Low,227,30.9,Spring,10,3.36,75.6,1,False,27.8,2023-10-04
ORD_0913,Food,CustomerE,High,788,91.4,Fall,5,3.47,73.2,1,True,22.1,2023-12-15
ORD_0914,Textile,CustomerD,Medium,808,56.0,Winter,7,1.98,90.6,3,True,10.4,2023-03-26
ORD_0915,Electronics,CustomerF,Low,256,31.1,Fall,5,1.43,84.3,3,False,12.1,2023-01-22
ORD_0916,Electronics,CustomerE,Low,372,58.0,Spring,9,2.26,85.2,1,False,31.4,2023-06-25
ORD_0917,Electronics,CustomerA,Urgent,759,90.3,Spring,7,1.16,75.3,2,False,12.0,2023-09-17
ORD_0918,Electronics,CustomerF,Low,671,46.2,Winter,6,0.9,96.9,3,False,16.1,2023-11-17
ORD_0919,Food,CustomerA,High,241,87.4,Fall,9,1.88,76.6,3,False,10.4,2023-03-16
ORD_0920,Mechanical,CustomerB,High,662,48.7,Summer,3,0.83,85.1,3,False,11.5,2023-11-03
ORD_0921,Mechanical,CustomerB,High,707,34.5,Spring,8,3.65,74.3,1,False,22.2,2023-06-24
ORD_0922,Electronics,CustomerB,High,912,35.0,Winter,12,1.73,84.2,1,False,34.4,2023-10-04
ORD_0923,Textile,CustomerA,Low,848,31.1,Summer,6,2.34,75.0,1,True,22.5,2023-11-20
ORD_0924,Chemical,CustomerD,Urgent,762,52.8,Summer,10,1.39,83.8,2,False,14.2,2023-03-23
ORD_0925,Food,CustomerF,Urgent,125,47.5,Winter,5,3.93,95.7,3,True,3.8,2023-10-21
ORD_0926,Electronics,CustomerB,Urgent,378,43.4,Winter,6,3.72,81.3,1,False,16.4,2023-03-13
ORD_0927,Food,CustomerD,Medium,281,89.2,Summer,8,1.87,82.5,2,False,17.3,2023-04-16
ORD_0928,Food,CustomerE,High,864,69.8,Fall,10,2.48,93.8,2,False,14.7,2023-12-21
ORD_0929,Electronics,CustomerD,Medium,487,74.3,Summer,12,2.45,74.9,2,False,21.9,2023-07-22
ORD_0930,Chemical,CustomerA,Urgent,51,44.1,Winter,3,2.21,70.2,2,True,5.4,2023-02-11
ORD_0931,Mechanical,CustomerC,High,814,85.8,Spring,4,3.0,74.3,3,True,9.7,2023-08-03
ORD_0932,Electronics,CustomerC,Medium,42,60.8,Summer,6,3.34,89.1,2,False,21.7,2023-02-27
ORD_0933,Electronics,CustomerC,High,621,50.2,Fall,8,3.32,74.2,1,False,20.9,2023-09-14
ORD_0934,Food,CustomerB,High,322,35.6,Fall,11,1.14,93.5,2,True,8.6,2023-10-06
ORD_0935,Textile,CustomerF,High,525,90.8,Summer,10,1.74,84.0,2,False,15.3,2023-01-22
ORD_0936,Food,CustomerA,Urgent,100,79.1,Summer,6,2.53,81.2,3,False,4.9,2023-09-24
ORD_0937,Textile,CustomerB,Urgent,696,30.4,Fall,3,0.8,78.1,3,True,3.8,2023-02-23
ORD_0938,Electronics,CustomerC,Urgent,717,51.5,Winter,4,3.09,90.2,3,True,6.6,2023-10-22
ORD_0939,Food,CustomerB,Urgent,149,44.5,Spring,7,2.7,91.6,1,False,10.0,2023-01-03
ORD_0940,Mechanical,CustomerA,Low,10,39.9,Winter,11,0.84,76.1,2,True,19.3,2023-05-11
ORD_0941,Textile,CustomerD,Low,958,37.9,Fall,10,3.94,94.6,3,False,20.7,2023-10-09
ORD_0942,Textile,CustomerF,Low,452,39.5,Winter,5,1.0,92.3,1,True,21.4,2023-12-07
ORD_0943,Food,CustomerB,Urgent,501,48.9,Winter,12,2.23,90.0,2,False,11.2,2023-03-26
ORD_0944,Electronics,CustomerD,Urgent,843,57.6,Winter,7,2.1,86.9,1,False,14.2,2023-04-27
ORD_0945,Food,CustomerD,Low,939,89.0,Spring,10,3.59,83.8,1,True,31.3,2023-12-17
ORD_0946,Food,CustomerB,High,934,75.9,Fall,11,0.72,89.7,2,False,17.8,2023-12-30
ORD_0947,Mechanical,CustomerC,High,955,55.6,Fall,9,3.87,88.2,1,False,22.9,2023-06-21
ORD_0948,Chemical,CustomerE,High,608,70.1,Fall,4,0.66,95.6,1,True,15.4,2023-09-08
ORD_0949,Electronics,CustomerD,Urgent,341,79.4,Spring,4,3.65,75.2,2,False,11.3,2023-03-01
ORD_0950,Electronics,CustomerE,High,127,32.4,Winter,10,3.17,88.2,1,True,16.3,2023-06-16
ORD_0951,Textile,CustomerD,Medium,662,67.3,Spring,6,1.38,83.1,2,True,13.0,2023-07-11
ORD_0952,Mechanical,CustomerD,Medium,98,67.8,Winter,6,0.62,74.2,1,False,27.6,2023-10-08
ORD_0953,Food,CustomerE,Low,358,42.0,Fall,6,3.41,87.1,2,False,16.4,2023-07-22
ORD_0954,Food,CustomerB,Low,459,57.8,Fall,4,2.49,73.8,3,False,10.9,2023-09-25
ORD_0955,Textile,CustomerB,Low,625,65.1,Winter,6,3.37,78.7,2,False,26.9,2023-12-03
ORD_0956,Electronics,CustomerB,High,86,64.7,Spring,11,3.76,85.0,2,True,13.2,2023-07-21
ORD_0957,Electronics,CustomerE,Urgent,969,89.6,Summer,3,0.61,82.6,1,False,20.6,2023-04-23
ORD_0958,Electronics,CustomerB,Medium,570,83.1,Summer,3,1.32,72.2,3,True,11.7,2023-10-23
ORD_0959,Electronics,CustomerD,Low,918,65.8,Spring,7,3.03,73.1,2,True,24.4,2023-06-29
ORD_0960,Textile,CustomerD,High,810,85.2,Spring,3,3.76,70.8,1,False,24.7,2023-07-28
ORD_0961,Electronics,CustomerE,Urgent,63,55.2,Fall,5,2.0,82.8,1,True,8.6,2023-12-19
ORD_0962,Food,CustomerC,High,208,52.3,Winter,6,1.31,87.7,1,False,18.5,2023-02-24
ORD_0963,Food,CustomerE,Low,831,31.0,Spring,3,0.77,73.8,1,False,20.6,2023-04-26
ORD_0964,Chemical,CustomerE,Medium,309,38.4,Fall,10,2.8,89.7,1,False,33.7,2023-11-24
ORD_0965,Mechanical,CustomerD,High,929,89.5,Spring,10,3.0,98.2,3,False,16.9,2023-11-26
ORD_0966,Mechanical,CustomerE,High,336,75.4,Winter,3,1.71,82.3,3,False,9.5,2023-08-21
ORD_0967,Mechanical,CustomerB,Medium,322,78.2,Spring,4,1.8,94.5,1,True,23.2,2023-03-21
ORD_0968,Textile,CustomerF,Urgent,985,37.4,Fall,3,1.45,87.6,2,True,5.6,2023-12-22
ORD_0969,Food,CustomerD,Urgent,29,86.1,Fall,10,0.66,76.2,1,False,12.1,2023-04-07
ORD_0970,Chemical,CustomerA,High,969,31.7,Summer,7,3.34,87.7,1,False,31.2,2023-01-01
ORD_0971,Food,CustomerD,Urgent,811,77.4,Winter,4,2.44,98.6,3,False,8.3,2023-09-16
ORD_0972,Food,CustomerD,Urgent,596,76.7,Summer,5,3.86,84.0,1,True,13.3,2023-02-25
ORD_0973,Chemical,CustomerF,High,97,94.9,Summer,8,2.5,71.2,2,False,17.3,2023-09-11
ORD_0974,Chemical,CustomerF,Low,137,49.9,Summer,7,3.47,83.3,1,False,27.8,2023-03-15
ORD_0975,Electronics,CustomerC,Urgent,663,84.9,Spring,9,0.71,98.2,2,False,13.7,2023-02-06
ORD_0976,Textile,CustomerB,High,794,81.1,Summer,10,0.95,88.9,1,True,20.0,2023-12-22
ORD_0977,Electronics,CustomerB,Urgent,603,50.6,Spring,3,3.83,99.8,2,True,7.8,2023-06-06
ORD_0978,Chemical,CustomerE,Low,624,45.3,Winter,4,2.27,73.4,1,True,26.0,2023-05-04
ORD_0979,Food,CustomerC,Urgent,83,71.7,Summer,5,0.59,88.2,2,False,8.5,2023-07-27
ORD_0980,Chemical,CustomerD,High,646,32.0,Summer,3,1.52,74.5,3,True,7.6,2023-06-05
ORD_0981,Mechanical,CustomerC,High,972,44.0,Winter,5,1.83,99.9,1,True,23.4,2023-04-18
ORD_0982,Mechanical,CustomerE,Urgent,561,77.6,Winter,12,2.15,85.7,2,False,11.7,2023-10-05
ORD_0983,Food,CustomerC,Medium,346,45.8,Summer,6,2.1,92.4,1,True,17.3,2023-11-23
ORD_0984,Textile,CustomerC,Low,370,66.4,Winter,8,2.79,88.2,2,False,21.0,2023-02-19
ORD_0985,Mechanical,CustomerE,Medium,805,89.1,Spring,12,1.41,78.6,2,True,17.2,2023-04-08
ORD_0986,Textile,CustomerE,Medium,599,62.1,Spring,5,3.57,70.5,1,False,23.4,2023-01-13
ORD_0987,Food,CustomerF,Urgent,770,36.6,Winter,9,0.58,75.0,1,True,11.3,2023-01-09
ORD_0988,Food,CustomerD,Urgent,372,38.3,Spring,7,0.92,96.9,2,True,6.6,2023-01-16
ORD_0989,Electronics,CustomerA,High,982,59.2,Fall,10,3.09,83.1,2,True,17.8,2023-06-01
ORD_0990,Food,CustomerE,Low,165,88.2,Summer,10,1.83,83.2,3,False,20.1,2023-03-03
ORD_0991,Electronics,CustomerB,High,515,52.2,Fall,7,1.63,79.6,1,True,14.6,2023-04-17
ORD_0992,Mechanical,CustomerD,High,598,87.2,Summer,4,1.72,75.0,2,False,17.5,2023-04-06
ORD_0993,Mechanical,CustomerB,High,971,89.7,Winter,6,2.83,74.2,1,True,19.8,2023-12-15
ORD_0994,Electronics,CustomerE,Medium,16,61.7,Winter,8,1.21,98.3,3,False,14.4,2023-02-06
ORD_0995,Food,CustomerB,Urgent,312,89.7,Winter,10,3.61,84.8,1,True,14.9,2023-02-04
ORD_0996,Electronics,CustomerC,Low,772,81.6,Winter,8,1.05,80.1,2,True,27.1,2023-05-10
ORD_0997,Chemical,CustomerA,Urgent,112,90.6,Summer,6,3.45,89.8,3,True,7.5,2023-08-20
ORD_0998,Electronics,CustomerB,Medium,610,54.5,Spring,6,1.43,74.5,1,False,25.9,2023-03-02
ORD_0999,Mechanical,CustomerF,Low,983,63.6,Spring,3,2.02,84.7,3,True,15.1,2023-08-05
ORD_1000,Electronics,CustomerD,High,638,54.7,Spring,8,2.19,89.7,1,False,27.4,2023-07-03
ORD_1001,Chemical,CustomerF,Urgent,511,81.8,Fall,12,1.75,84.4,1,True,12.2,2023-12-05
ORD_1002,Chemical,CustomerD,Urgent,343,46.1,Fall,4,1.12,98.7,3,True,4.5,2023-07-26
ORD_1003,Textile,CustomerF,Medium,802,87.3,Fall,12,1.94,77.0,2,False,24.6,2023-01-06
ORD_1004,Textile,CustomerA,High,277,73.9,Fall,9,3.33,82.8,2,True,10.8,2023-12-24
ORD_1005,Mechanical,CustomerC,Low,325,59.1,Spring,12,3.56,86.1,3,True,17.0,2023-11-02
ORD_1006,Food,CustomerE,High,142,69.3,Winter,3,3.31,72.7,3,False,9.9,2023-06-03
ORD_1007,Food,CustomerA,Low,541,43.7,Spring,5,3.43,81.9,3,True,9.7,2023-06-25
ORD_1008,Mechanical,CustomerC,High,433,44.0,Spring,3,0.63,70.6,3,True,6.8,2023-07-18
ORD_1009,Textile,CustomerA,Medium,299,49.6,Spring,6,0.62,92.5,2,False,12.1,2023-07-11
ORD_1010,Chemical,CustomerA,Low,85,62.8,Fall,3,0.55,94.9,3,True,8.8,2023-04-17
ORD_1011,Food,CustomerD,Medium,861,69.4,Summer,8,1.99,92.3,2,False,22.1,2023-06-05
ORD_1012,Electronics,CustomerC,Urgent,395,48.9,Winter,6,3.88,86.8,2,False,11.9,2023-08-08
ORD_1013,Food,CustomerE,Medium,401,31.1,Fall,9,3.83,92.9,3,True,8.8,2023-11-14
ORD_1014,Food,CustomerA,Urgent,799,45.1,Summer,10,2.47,89.3,2,True,9.7,2023-10-29
ORD_1015,Electronics,CustomerA,Medium,222,86.2,Fall,12,1.37,74.2,3,False,16.4,2023-09-02
ORD_1016,Food,CustomerB,Low,795,62.1,Fall,7,3.09,95.0,1,False,35.4,2023-11-22
ORD_1017,Food,CustomerD,Low,284,74.9,Fall,11,2.25,98.8,1,False,31.1,2023-11-11
ORD_1018,Textile,CustomerE,Low,953,36.8,Winter,9,0.95,70.4,3,True,13.2,2023-10-31
ORD_1019,Textile,CustomerA,Low,916,57.6,Spring,11,2.21,92.5,3,False,18.5,2023-01-22
ORD_1020,Chemical,CustomerA,Urgent,311,76.8,Summer,11,1.63,96.7,3,True,6.1,2023-12-14
ORD_1021,Food,CustomerF,Medium,832,69.9,Summer,11,2.62,84.2,1,False,41.1,2023-09-09
ORD_1022,Mechanical,CustomerB,Urgent,20,50.6,Spring,5,2.15,99.8,1,False,10.5,2023-01-17
ORD_1023,Mechanical,CustomerF,Low,560,59.8,Winter,3,2.69,87.8,1,False,34.4,2023-09-13
ORD_1024,Mechanical,CustomerC,Low,960,42.5,Summer,9,2.55,79.2,3,False,24.8,2023-06-13
ORD_1025,Food,CustomerE,Medium,89,68.5,Winter,6,1.48,77.9,1,True,19.6,2023-06-29
ORD_1026,Food,CustomerF,Urgent,348,67.4,Summer,12,2.84,84.2,1,True,13.6,2023-01-16
ORD_1027,Mechanical,CustomerA,Medium,156,40.7,Winter,8,0.77,99.1,1,False,22.9,2023-05-11
ORD_1028,Textile,CustomerC,High,522,79.4,Spring,11,1.88,93.2,3,False,11.3,2023-12-25
ORD_1029,Food,CustomerC,Low,914,69.3,Spring,5,3.81,95.0,3,True,15.3,2023-08-31
ORD_1030,Food,CustomerD,Urgent,721,81.3,Winter,11,3.65,89.6,1,True,16.3,2023-07-16
ORD_1031,Textile,CustomerF,High,755,57.6,Spring,9,1.81,98.0,1,True,17.8,2023-10-03
ORD_1032,Food,CustomerB,Low,610,50.2,Winter,8,3.71,85.1,1,False,27.7,2023-02-20
ORD_1033,Chemical,CustomerF,Urgent,417,32.9,Summer,7,2.69,99.1,1,False,17.4,2023-08-05
ORD_1034,Textile,CustomerD,Medium,494,78.7,Winter,3,1.79,88.4,3,True,11.2,2023-12-19
ORD_1035,Mechanical,CustomerB,Low,439,84.2,Winter,3,2.05,91.3,2,True,21.5,2023-10-28
ORD_1036,Chemical,CustomerB,Low,350,84.4,Summer,5,3.67,87.6,2,True,26.2,2023-11-14
ORD_1037,Textile,CustomerD,Low,76,42.5,Spring,7,0.79,83.3,2,True,13.4,2023-06-29
ORD_1038,Textile,CustomerB,Low,328,47.8,Summer,4,1.7,87.0,3,True,10.6,2023-12-17
ORD_1039,Textile,CustomerA,Low,950,35.9,Winter,5,1.61,88.8,1,True,29.7,2023-09-09
ORD_1040,Mechanical,CustomerF,High,481,35.3,Spring,7,3.43,89.3,1,True,14.8,2023-01-14
ORD_1041,Textile,CustomerF,High,192,48.1,Summer,9,1.29,75.6,1,True,18.7,2023-07-14
ORD_1042,Chemical,CustomerF,Urgent,280,36.0,Summer,12,1.77,93.2,3,False,9.1,2023-01-20
ORD_1043,Mechanical,CustomerA,Urgent,169,65.0,Spring,9,1.71,94.3,2,True,6.7,2023-09-07
ORD_1044,Food,CustomerE,High,102,63.4,Spring,7,1.26,77.8,1,True,12.8,2023-02-14
ORD_1045,Textile,CustomerE,High,391,66.6,Winter,8,2.95,88.9,1,True,17.6,2023-09-01
ORD_1046,Chemical,CustomerC,Low,201,89.4,Summer,5,2.13,75.6,1,False,42.6,2023-05-10
ORD_1047,Textile,CustomerE,Urgent,758,56.0,Spring,7,3.03,88.0,2,False,8.9,2023-10-06
ORD_1048,Mechanical,CustomerE,Low,441,57.7,Summer,12,1.9,70.9,3,True,18.9,2023-02-17
ORD_1049,Food,CustomerF,Medium,984,93.2,Spring,5,2.82,93.7,1,True,22.7,2023-02-12
ORD_1050,Mechanical,CustomerC,Urgent,415,40.7,Winter,5,1.2,75.2,2,True,6.1,2023-05-06
ORD_1051,Mechanical,CustomerD,Low,751,45.9,Summer,3,2.17,80.3,2,False,25.1,2023-11-20
ORD_1052,Textile,CustomerF,Urgent,861,60.1,Spring,4,1.86,79.6,1,False,14.6,2023-02-18
ORD_1053,Chemical,CustomerF,Urgent,621,55.6,Winter,8,2.21,92.2,3,True,6.2,2023-08-21
ORD_1054,Food,CustomerB,Medium,387,53.5,Winter,12,2.6,81.9,1,True,20.1,2023-07-14
ORD_1055,Mechanical,CustomerA,Medium,319,58.3,Summer,9,2.79,82.8,2,False,19.9,2023-06-22
ORD_1056,Textile,CustomerA,High,991,92.1,Spring,5,1.89,85.5,1,False,28.3,2023-05-04
ORD_1057,Chemical,CustomerF,Low,681,86.1,Winter,5,1.62,87.2,2,False,24.2,2023-11-06
ORD_1058,Textile,CustomerD,Low,320,57.6,Winter,12,3.32,97.2,3,False,20.0,2023-08-29
ORD_1059,Chemical,CustomerE,High,124,81.1,Fall,11,3.16,96.1,1,True,16.4,2023-01-18
ORD_1060,Food,CustomerC,Medium,537,82.8,Fall,9,0.67,78.5,1,False,27.4,2023-06-15
ORD_1061,Electronics,CustomerE,High,268,57.7,Summer,3,2.4,75.4,2,False,11.6,2023-06-08
ORD_1062,Chemical,CustomerC,Low,620,37.3,Winter,11,3.09,77.5,1,True,29.6,2023-10-10
ORD_1063,Mechanical,CustomerF,Urgent,451,88.0,Summer,10,2.91,77.3,3,False,7.3,2023-12-27
ORD_1064,Chemical,CustomerC,Low,160,69.6,Winter,9,2.29,91.8,2,False,26.1,2023-08-20
ORD_1065,Electronics,CustomerB,High,748,72.4,Winter,9,3.88,93.8,3,False,18.2,2023-04-21
ORD_1066,Food,CustomerE,Medium,720,81.9,Summer,12,2.16,92.8,2,False,27.3,2023-11-11
ORD_1067,Mechanical,CustomerC,Low,629,55.9,Spring,7,1.45,82.2,1,False,35.4,2023-07-30
ORD_1068,Chemical,CustomerC,Urgent,623,81.4,Summer,4,1.27,70.5,2,True,7.9,2023-02-18
ORD_1069,Chemical,CustomerF,Urgent,612,57.3,Summer,11,1.86,97.9,1,False,17.3,2023-01-06
ORD_1070,Chemical,CustomerD,Medium,483,85.5,Fall,6,2.36,75.1,2,False,21.6,2023-12-17
ORD_1071,Food,CustomerA,Urgent,584,94.0,Winter,6,3.12,85.9,2,False,11.9,2023-03-07
ORD_1072,Textile,CustomerF,Urgent,40,40.1,Spring,12,1.73,82.9,1,False,11.4,2023-10-31
ORD_1073,Textile,CustomerB,Urgent,953,64.9,Fall,12,3.82,73.7,2,True,8.7,2023-12-12
ORD_1074,Electronics,CustomerE,High,192,86.2,Fall,11,1.93,92.5,2,False,16.1,2023-01-15
ORD_1075,Chemical,CustomerF,Low,690,87.5,Summer,11,2.37,81.8,2,False,38.9,2023-09-17
ORD_1076,Chemical,CustomerD,Medium,956,86.8,Fall,7,0.51,94.9,2,True,21.8,2023-08-16
ORD_1077,Electronics,CustomerD,Urgent,438,56.7,Winter,12,1.28,88.3,3,True,7.1,2023-02-05
ORD_1078,Textile,CustomerA,High,634,46.2,Fall,4,3.83,70.7,3,False,9.8,2023-09-15
ORD_1079,Mechanical,CustomerB,Urgent,387,77.0,Spring,5,2.15,91.4,1,False,11.0,2023-04-03
ORD_1080,Electronics,CustomerA,Medium,601,60.0,Spring,12,2.05,77.3,1,False,33.8,2023-08-26
ORD_1081,Electronics,CustomerE,High,903,89.8,Spring,6,2.12,98.9,1,True,23.6,2023-05-21
ORD_1082,Textile,CustomerE,Urgent,892,55.0,Fall,7,3.59,86.1,3,True,5.7,2023-12-23
ORD_1083,Electronics,CustomerC,Urgent,858,83.5,Winter,8,1.9,97.8,3,False,9.3,2023-10-17
ORD_1084,Electronics,CustomerA,Medium,877,47.1,Winter,5,1.78,89.7,1,True,28.7,2023-07-18
ORD_1085,Mechanical,CustomerC,Low,347,71.7,Winter,10,3.65,84.7,1,False,37.0,2023-10-02
ORD_1086,Textile,CustomerC,Urgent,726,46.8,Summer,12,0.63,74.2,3,False,6.6,2023-12-01
ORD_1087,Chemical,CustomerE,High,740,48.9,Spring,12,2.72,84.3,2,False,17.2,2023-01-25
ORD_1088,Mechanical,CustomerB,High,889,55.0,Spring,3,3.48,87.5,1,True,16.1,2023-05-10
ORD_1089,Food,CustomerF,Urgent,498,70.2,Spring,8,2.75,87.6,3,False,6.6,2023-10-27
ORD_1090,Textile,CustomerD,Medium,901,64.1,Spring,10,3.64,70.4,1,False,29.5,2023-03-02
ORD_1091,Mechanical,CustomerB,Medium,294,69.6,Winter,6,1.75,83.8,3,True,12.5,2023-12-24
ORD_1092,Food,CustomerB,Medium,382,73.2,Fall,4,3.83,85.2,2,True,15.1,2023-09-22
ORD_1093,Electronics,CustomerD,Medium,260,46.6,Spring,6,1.3,91.5,1,True,22.4,2023-09-09
ORD_1094,Chemical,CustomerE,High,103,78.3,Winter,5,2.33,71.8,1,True,19.6,2023-03-31
ORD_1095,Food,CustomerD,Urgent,110,64.9,Winter,8,3.27,72.2,2,True,6.8,2023-08-20
ORD_1096,Textile,CustomerB,Low,565,68.3,Fall,7,2.49,87.5,1,False,35.6,2023-05-31
ORD_1097,Mechanical,CustomerE,Urgent,10,46.4,Fall,12,1.45,88.9,2,False,8.6,2023-03-25
ORD_1098,Chemical,CustomerC,Medium,359,47.9,Summer,10,0.89,92.7,1,False,25.6,2023-01-21
ORD_1099,Food,CustomerD,Urgent,177,41.6,Fall,7,0.83,95.9,2,True,4.4,2023-05-29
ORD_1100,Electronics,CustomerB,Medium,324,62.6,Summer,11,2.15,90.5,3,True,13.6,2023-11-04
ORD_1101,Mechanical,CustomerC,Medium,206,79.8,Spring,5,2.64,74.7,3,False,13.3,2023-06-19
ORD_1102,Textile,CustomerF,High,244,90.6,Fall,7,1.8,79.2,3,False,11.6,2023-08-07
ORD_1103,Chemical,CustomerD,High,445,66.6,Fall,3,3.17,82.1,2,False,16.4,2023-02-26
ORD_1104,Mechanical,CustomerD,High,29,83.2,Spring,6,2.82,77.7,2,True,10.2,2023-12-18
ORD_1105,Textile,CustomerC,Medium,826,44.0,Fall,7,0.87,77.3,2,False,21.7,2023-03-21
ORD_1106,Food,CustomerD,Low,809,72.9,Fall,6,1.48,88.2,2,True,15.4,2023-02-09
ORD_1107,Chemical,CustomerC,High,458,90.0,Winter,10,0.97,92.5,2,False,23.9,2023-04-12
ORD_1108,Mechanical,CustomerE,High,597,43.0,Winter,10,1.36,87.2,3,False,12.7,2023-09-04
ORD_1109,Chemical,CustomerF,Low,153,80.2,Winter,8,3.85,80.8,2,True,19.7,2023-09-06
ORD_1110,Textile,CustomerB,Urgent,380,51.6,Summer,7,2.61,98.0,1,True,10.7,2023-05-08
ORD_1111,Textile,CustomerD,Urgent,827,33.1,Winter,11,1.81,87.0,1,False,17.6,2023-01-03
ORD_1112,Textile,CustomerC,High,659,34.4,Winter,12,0.82,86.7,1,True,21.6,2023-07-18
ORD_1113,Electronics,CustomerE,Urgent,634,72.3,Spring,4,3.18,82.9,2,False,10.1,2023-12-01
ORD_1114,Mechanical,CustomerF,High,84,41.8,Summer,10,2.35,90.8,2,True,11.1,2023-04-01
ORD_1115,Chemical,CustomerA,Urgent,29,30.6,Summer,9,1.03,95.7,3,False,6.5,2023-07-12
ORD_1116,Mechanical,CustomerE,High,924,87.2,Spring,6,3.21,76.2,1,True,17.7,2023-01-23
ORD_1117,Food,CustomerA,Medium,563,52.7,Winter,8,3.55,97.9,3,True,9.7,2023-06-04
ORD_1118,Mechanical,CustomerD,High,248,90.9,Spring,8,0.6,96.3,2,True,13.9,2023-04-04
ORD_1119,Textile,CustomerA,Urgent,898,78.4,Spring,9,0.67,83.2,1,True,14.1,2023-04-25
ORD_1120,Food,CustomerA,Low,189,62.9,Winter,5,3.15,73.6,2,False,20.9,2023-06-24
ORD_1121,Chemical,CustomerD,Medium,225,94.0,Summer,10,1.39,73.4,2,True,16.4,2023-12-16
ORD_1122,Textile,CustomerD,Low,373,53.4,Summer,4,2.02,95.4,2,True,18.1,2023-10-26
ORD_1123,Electronics,CustomerF,Urgent,906,60.6,Summer,8,0.66,95.4,1,True,12.2,2023-09-10
ORD_1124,Mechanical,CustomerB,Urgent,790,32.5,Spring,7,1.8,82.4,1,False,11.8,2023-04-28
ORD_1125,Food,CustomerB,Medium,383,87.1,Winter,5,0.6,76.1,2,False,21.1,2024-01-01
ORD_1126,Chemical,CustomerE,High,39,80.9,Summer,3,3.61,71.0,1,False,18.4,2023-08-16
ORD_1127,Textile,CustomerE,Medium,171,36.5,Summer,6,0.82,99.6,1,False,19.1,2023-12-25
ORD_1128,Textile,CustomerE,Urgent,147,85.7,Winter,7,2.17,97.0,2,True,6.8,2023-03-01
ORD_1129,Food,CustomerC,Low,499,62.0,Spring,5,1.27,73.9,1,True,23.1,2023-02-21
ORD_1130,Electronics,CustomerF,Urgent,299,87.6,Winter,6,1.29,75.5,3,False,7.3,2023-03-26
ORD_1131,Textile,CustomerF,High,788,88.5,Summer,9,1.81,74.4,3,True,12.6,2023-03-13
ORD_1132,Textile,CustomerF,Low,823,42.9,Spring,3,1.0,71.0,1,True,21.4,2023-03-09
ORD_1133,Electronics,CustomerE,Urgent,505,85.7,Spring,12,1.92,99.8,2,False,12.4,2023-11-06
ORD_1134,Electronics,CustomerF,High,681,80.0,Summer,8,3.99,75.6,2,False,23.5,2023-10-16
ORD_1135,Textile,CustomerF,Low,694,85.7,Summer,4,3.24,82.8,1,True,24.6,2023-01-13
ORD_1136,Textile,CustomerA,Low,573,76.3,Spring,8,1.57,83.1,1,True,25.8,2023-08-13
ORD_1137,Food,CustomerB,Medium,870,74.2,Winter,6,3.07,80.6,3,True,13.1,2023-09-12
ORD_1138,Food,CustomerE,Low,829,64.7,Spring,11,1.08,74.8,3,True,15.6,2023-07-07
ORD_1139,Food,CustomerB,Medium,563,91.2,Fall,6,1.47,98.8,2,False,17.6,2023-12-24
ORD_1140,Food,CustomerD,Urgent,489,50.9,Summer,3,0.76,91.3,3,False,4.6,2023-08-09
ORD_1141,Food,CustomerE,Low,70,79.1,Spring,5,2.18,74.8,1,False,27.4,2023-01-11
ORD_1142,Textile,CustomerD,Medium,264,84.2,Winter,6,3.87,78.3,2,True,17.1,2023-12-29
ORD_1143,Food,CustomerF,Medium,220,58.8,Summer,8,0.54,73.5,2,True,14.7,2023-09-26
ORD_1144,Food,CustomerD,Medium,686,58.5,Winter,11,3.1,83.6,1,False,37.4,2023-12-22
ORD_1145,Electronics,CustomerD,High,125,70.7,Fall,12,1.09,91.3,2,False,14.6,2023-07-08
ORD_1146,Electronics,CustomerA,High,257,86.5,Fall,9,1.98,89.1,2,False,19.7,2023-11-22
ORD_1147,Food,CustomerC,Urgent,692,84.4,Summer,4,0.55,91.4,2,True,8.0,2023-10-06
ORD_1148,Mechanical,CustomerE,Urgent,691,47.3,Fall,11,2.62,87.0,3,False,6.4,2023-02-24
ORD_1149,Electronics,CustomerE,Low,599,36.2,Spring,8,2.53,91.3,3,False,18.9,2023-08-03
ORD_1150,Electronics,CustomerC,Urgent,882,59.9,Winter,9,3.35,88.8,2,True,9.4,2023-08-31
ORD_1151,Mechanical,CustomerA,High,111,49.0,Fall,3,3.05,95.5,2,False,12.0,2023-01-18
ORD_1152,Chemical,CustomerC,Medium,293,59.0,Winter,8,2.1,99.7,2,True,15.4,2023-05-23
ORD_1153,Food,CustomerF,High,768,56.1,Summer,5,3.46,95.7,2,False,16.2,2023-08-12
ORD_1154,Mechanical,CustomerC,High,113,89.4,Winter,9,1.6,84.9,1,False,21.3,2023-10-13
ORD_1155,Textile,CustomerC,High,835,58.5,Summer,5,3.86,79.7,1,True,20.2,2023-12-26
ORD_1156,Food,CustomerF,High,784,66.4,Spring,9,2.66,72.3,1,True,20.7,2023-08-05
ORD_1157,Textile,CustomerC,Medium,743,52.1,Summer,9,0.97,81.6,3,False,16.0,2023-02-04
ORD_1158,Electronics,CustomerC,Medium,463,83.7,Spring,11,1.04,99.8,1,False,29.2,2023-02-03
ORD_1159,Mechanical,CustomerB,Medium,460,72.1,Spring,5,0.54,77.3,1,False,29.2,2023-02-14
ORD_1160,Textile,CustomerE,Medium,432,42.1,Fall,12,3.61,99.4,3,False,14.6,2023-05-15
ORD_1161,Chemical,CustomerC,Urgent,389,53.7,Spring,8,2.39,72.3,3,True,5.5,2023-12-07
ORD_1162,Mechanical,CustomerE,Medium,108,93.8,Fall,11,1.6,94.2,3,True,12.7,2023-07-03
ORD_1163,Food,CustomerB,Urgent,285,67.3,Winter,10,2.67,84.9,2,True,9.2,2023-09-01
ORD_1164,Mechanical,CustomerA,Urgent,582,72.3,Summer,10,3.54,74.4,3,False,7.4,2023-07-25
ORD_1165,Chemical,CustomerE,High,980,88.3,Winter,12,2.22,91.1,1,False,32.4,2023-09-17
ORD_1166,Textile,CustomerC,High,348,45.1,Fall,5,3.18,99.4,3,False,9.4,2023-05-05
ORD_1167,Food,CustomerA,High,611,37.8,Winter,12,0.72,82.4,1,True,16.7,2023-03-12
ORD_1168,Food,CustomerB,Medium,40,72.2,Fall,4,1.66,72.8,2,False,14.5,2023-03-03
ORD_1169,Textile,CustomerF,Urgent,151,85.1,Spring,4,1.59,75.3,2,False,7.6,2023-01-13
ORD_1170,Mechanical,CustomerC,Urgent,215,44.7,Winter,8,2.08,72.8,2,True,8.5,2023-03-24
ORD_1171,Electronics,CustomerE,Low,709,54.3,Spring,3,3.87,85.9,1,False,31.8,2023-02-14
ORD_1172,Electronics,CustomerE,High,889,34.5,Spring,6,2.73,84.9,3,True,11.2,2023-10-20
ORD_1173,Electronics,CustomerF,Medium,624,54.3,Spring,10,2.97,96.4,1,True,28.6,2023-04-06
ORD_1174,Textile,CustomerA,Low,967,64.9,Winter,7,3.77,73.2,3,True,17.2,2023-12-07
ORD_1175,Mechanical,CustomerA,Urgent,207,69.2,Summer,10,3.75,86.4,2,False,12.8,2023-04-11
ORD_1176,Food,CustomerA,High,262,53.8,Spring,10,1.16,82.1,2,True,12.1,2023-08-17
ORD_1177,Textile,CustomerF,Low,878,63.8,Summer,11,2.47,91.1,3,False,23.6,2023-12-04
ORD_1178,Mechanical,CustomerC,High,148,59.1,Spring,7,3.8,82.8,2,False,11.4,2023-10-07
ORD_1179,Electronics,CustomerD,Low,339,66.5,Fall,7,2.24,93.6,2,True,18.7,2023-07-11
ORD_1180,Electronics,CustomerB,Low,324,88.0,Spring,8,3.09,86.0,1,False,35.4,2023-10-13
ORD_1181,Chemical,CustomerE,Low,853,83.7,Fall,11,2.33,75.3,2,True,31.0,2023-05-15
ORD_1182,Electronics,CustomerD,Medium,923,44.4,Summer,4,3.0,84.9,3,True,10.6,2023-09-02
ORD_1183,Textile,CustomerB,Low,956,48.9,Spring,8,3.95,99.6,1,False,41.8,2023-02-04
ORD_1184,Textile,CustomerA,Medium,155,68.9,Summer,9,2.88,91.3,3,False,11.8,2023-12-03
ORD_1185,Chemical,CustomerD,Low,435,83.5,Fall,7,3.45,75.7,2,False,28.6,2023-04-05
ORD_1186,Textile,CustomerA,Urgent,141,73.1,Spring,4,2.73,73.5,2,True,5.2,2023-10-26
ORD_1187,Chemical,CustomerB,High,988,74.3,Fall,7,2.38,78.5,3,False,12.4,2023-07-31
ORD_1188,Electronics,CustomerD,Medium,983,35.6,Fall,6,0.94,99.9,2,False,17.2,2023-03-01
ORD_1189,Mechanical,CustomerA,Urgent,198,35.4,Winter,6,2.03,81.1,3,True,4.5,2023-10-14
ORD_1190,Electronics,CustomerF,Medium,796,43.7,Summer,3,2.49,98.5,2,False,23.9,2023-01-21
ORD_1191,Chemical,CustomerD,Medium,933,71.9,Fall,9,1.04,78.8,1,True,25.8,2023-04-29
ORD_1192,Mechanical,CustomerC,Urgent,35,86.6,Winter,6,2.61,78.6,1,True,11.1,2023-04-14
ORD_1193,Chemical,CustomerA,Low,711,34.2,Winter,12,3.02,91.7,2,False,25.5,2023-03-17
ORD_1194,Electronics,CustomerF,Medium,16,54.8,Winter,9,3.19,73.6,1,True,23.2,2023-06-03
ORD_1195,Electronics,CustomerA,Urgent,969,67.1,Fall,7,2.9,81.6,3,True,7.4,2023-03-10
ORD_1196,Food,CustomerC,High,661,59.6,Spring,10,2.38,80.8,1,False,23.9,2023-12-26
ORD_1197,Mechanical,CustomerD,High,913,40.4,Winter,9,3.32,74.3,2,False,21.2,2023-07-20
ORD_1198,Food,CustomerB,Urgent,138,84.6,Summer,6,3.8,82.6,2,False,9.7,2023-01-06
ORD_1199,Textile,CustomerD,Urgent,382,52.0,Fall,5,3.03,76.2,1,True,9.1,2023-07-10
ORD_1200,Food,CustomerC,Urgent,571,86.1,Fall,8,2.75,76.4,1,False,12.1,2023-01-31
